id,ip_address
1,205.178.184.153
2,91.212.127.100
3,204.244.11.121
4,86.156.68.62
5,206.51.228.161
6,131.111.37.76
7,86.153.189.0
8,131.111.30.16
9,131.111.37.93
10,134.36.36.110
11,213.120.115.56
12,134.36.36.113
13,90.240.113.65
14,134.36.36.106
15,134.36.36.98
16,134.36.36.109
17,138.100.13.40
18,134.36.36.100
19,216.155.41.11
20,70.143.72.10
21,203.152.210.122
22,134.36.36.112
23,131.111.119.34
24,134.36.36.105
25,74.52.245.146
26,131.111.150.66
27,131.111.224.54
28,131.111.37.72
29,80.177.107.182
30,66.249.65.245
31,76.119.140.119
32,75.183.5.217
33,96.21.101.144
34,71.192.176.112
35,75.180.228.114
36,205.151.118.95
37,137.132.250.14
38,67.195.113.235
39,123.125.66.74
40,220.181.7.129
41,66.249.65.50
42,77.88.43.25
43,66.249.65.43
44,208.115.111.242
45,207.46.13.141
46,123.125.66.87
47,220.181.7.56
48,207.46.199.182
49,207.46.13.99
50,207.46.195.242
51,38.99.96.115
52,123.125.66.97
53,220.181.7.82
54,87.83.212.224
55,65.52.53.245
56,123.125.66.128
57,220.181.7.93
58,190.178.216.113
59,207.46.199.201
60,207.46.204.229
61,124.115.1.7
62,114.80.93.56
63,207.46.199.184
64,123.125.66.78
65,220.181.7.71
66,207.46.13.133
67,112.203.232.198
68,174.129.160.156
69,123.125.66.134
70,90.189.148.126
71,78.172.9.79
72,123.125.66.123
73,220.181.7.64
74,124.120.153.226
75,95.108.158.242
76,95.131.64.134
77,80.176.84.62
78,123.125.66.73
79,220.181.7.75
80,186.42.4.43
81,123.125.66.61
82,220.181.7.91
83,65.52.49.75
84,123.125.66.88
85,220.181.7.92
86,124.115.0.162
87,65.52.49.77
88,124.115.0.161
89,124.115.0.159
90,124.115.0.158
91,124.115.4.204
92,124.115.4.205
93,124.115.0.140
94,124.115.0.169
95,124.115.0.168
96,114.80.93.73
97,124.115.0.17
98,124.115.0.18
99,123.125.66.127
100,220.181.7.58
101,124.115.0.163
102,124.115.0.160
103,124.115.0.26
104,124.115.4.201
105,124.115.0.28
106,124.115.0.100
107,124.115.0.23
108,124.115.0.27
109,124.115.0.103
110,78.185.141.169
111,124.115.4.190
112,124.115.0.101
113,124.115.4.198
114,124.115.0.16
115,124.115.0.15
116,124.115.4.199
117,124.115.4.203
118,207.46.204.192
119,124.115.4.202
120,124.115.0.21
121,124.115.0.22
122,124.115.0.170
123,124.115.4.191
124,114.80.93.52
125,124.115.0.102
126,124.115.0.165
127,124.115.0.167
128,124.115.0.166
129,124.115.5.11
130,123.125.66.124
131,220.181.7.127
132,124.115.0.142
133,124.115.4.197
134,124.115.0.14
135,114.80.93.51
136,114.80.93.50
137,61.135.167.74
138,124.115.4.192
139,124.115.0.171
140,114.80.93.57
141,86.162.158.36
142,124.115.0.20
143,124.115.0.139
144,124.115.0.19
145,124.115.0.138
146,124.115.0.111
147,58.61.164.39
148,124.115.4.193
149,124.115.0.108
150,124.115.4.195
151,124.115.4.196
152,124.115.0.109
153,124.115.0.110
154,124.115.0.107
155,124.115.4.194
156,124.115.0.104
157,124.115.4.200
158,124.115.0.157
159,208.80.194.28
160,124.115.0.141
161,114.80.93.55
162,114.80.93.54
163,124.115.0.105
164,124.115.0.106
165,114.80.93.71
166,124.115.0.156
167,124.115.0.24
168,124.115.0.164
169,123.125.66.91
170,114.80.93.53
171,124.115.0.25
172,207.46.199.183
173,208.80.194.27
174,24.161.126.4
175,74.47.136.52
176,92.30.177.96
177,207.46.199.177
178,202.14.81.49
179,220.181.7.121
180,207.46.195.227
181,66.249.65.35
182,150.70.64.204
183,119.63.198.54
184,87.7.30.243
185,190.95.211.18
186,220.181.7.72
187,123.125.66.63
188,66.220.147.247
189,72.14.164.169
190,72.14.164.150
191,67.195.111.153
192,72.14.164.158
193,66.249.67.44
194,72.14.164.181
195,72.14.164.177
196,72.14.164.162
197,72.14.164.171
198,216.129.119.10
199,72.14.164.137
200,129.123.205.101
201,72.14.164.154
202,72.14.164.195
203,72.14.164.197
204,72.14.164.148
205,72.14.164.160
206,72.14.164.182
207,72.14.164.174
208,81.96.79.92
209,84.48.34.216
210,95.108.142.150
211,119.63.198.40
212,82.69.5.43
213,72.14.164.198
214,86.62.102.177
215,85.180.126.196
216,99.18.90.201
217,190.177.142.21
218,66.235.124.56
219,193.47.80.47
220,93.158.145.27
221,67.182.232.196
222,98.154.110.162
223,67.195.115.229
224,24.21.133.140
225,218.22.21.2
226,69.204.247.46
227,140.109.103.226
228,74.137.15.242
229,209.125.235.88
230,131.217.6.9
231,88.108.246.1
232,195.34.233.214
233,79.234.49.197
234,99.28.241.142
235,81.213.126.80
236,217.158.27.130
237,193.128.243.6
238,192.134.152.230
239,69.63.178.251
240,64.229.192.152
241,129.234.158.27
242,131.111.30.34
243,80.254.147.36
244,131.111.37.50
245,58.107.66.231
246,163.1.78.251
247,66.219.58.34
248,71.176.116.235
249,24.188.123.50
250,193.1.217.20
251,83.69.96.3
252,86.173.116.57
253,84.35.93.11
254,82.22.245.120
255,188.58.188.194
256,190.15.203.203
257,193.140.134.23
258,153.5.129.165
259,131.111.41.167
260,117.199.114.22
261,86.165.147.31
262,213.106.86.169
263,72.3.221.188
264,86.107.62.34
265,200.41.129.168
266,24.44.58.160
267,138.23.91.179
268,190.95.57.16
269,66.249.67.99
270,157.140.129.6
271,74.125.16.65
272,95.54.11.26
273,213.123.60.37
274,84.50.9.195
275,77.161.222.240
276,204.76.240.247
277,74.12.52.56
278,78.175.87.103
279,82.12.246.119
280,220.181.125.71
281,98.202.202.101
282,99.227.247.231
283,187.67.231.164
284,69.63.181.251
285,190.18.113.167
286,86.137.253.206
287,188.179.206.255
288,88.80.10.1
289,66.249.71.35
290,220.181.7.40
291,66.235.124.58
292,98.200.10.186
293,66.249.65.138
294,66.249.65.134
295,66.249.65.146
296,72.187.245.65
297,195.93.21.73
298,76.171.179.192
299,88.255.219.130
300,66.249.65.172
301,208.80.193.29
302,80.52.164.107
303,87.112.95.56
304,81.231.105.33
305,86.1.97.172
306,125.194.108.50
307,142.177.190.66
308,131.123.1.227
309,77.204.37.124
310,84.45.231.177
311,84.163.126.206
312,217.166.60.242
313,119.40.118.196
314,143.107.211.154
315,200.11.0.12
316,61.160.216.63
317,88.250.237.33
318,81.36.36.88
319,212.240.32.98
320,87.83.218.34
321,74.125.126.82
322,74.125.126.81
323,72.14.192.68
324,200.0.182.62
325,96.240.169.115
326,74.95.178.201
327,174.129.57.51
328,82.152.45.101
329,80.185.181.172
330,217.131.205.249
331,79.121.234.138
332,78.170.207.163
333,165.29.106.3
334,144.122.127.130
335,88.253.4.229
336,67.195.37.184
337,129.49.105.148
338,220.181.7.34
339,190.12.66.81
340,69.143.43.246
341,122.174.113.132
342,98.246.35.236
343,63.110.125.22
344,84.159.103.23
345,200.111.150.2
346,208.80.193.42
347,208.80.193.30
348,203.128.250.31
349,69.63.181.250
350,85.210.170.201
351,86.138.141.39
352,217.227.131.203
353,82.6.96.33
354,217.227.182.234
355,217.44.85.20
356,190.14.186.130
357,81.234.118.27
358,94.68.160.208
359,66.235.124.55
360,154.20.181.97
361,190.162.28.87
362,83.67.65.16
363,88.234.187.178
364,220.181.7.49
365,66.249.65.177
366,190.177.75.229
367,194.78.48.108
368,65.243.184.91
369,216.104.15.142
370,134.107.216.137
371,145.253.249.226
372,121.200.67.50
373,110.139.190.100
374,74.6.18.221
375,196.46.246.21
376,65.55.207.102
377,59.97.96.29
378,194.75.238.105
379,95.146.230.96
380,147.231.140.32
381,24.18.156.14
382,84.46.77.95
383,66.235.124.57
384,82.84.216.247
385,64.246.165.50
386,190.15.128.68
387,62.190.148.25
388,89.149.244.240
389,90.202.46.148
390,66.235.124.59
391,65.8.164.144
392,203.24.148.50
393,92.29.93.3
394,4.79.205.35
395,78.179.242.253
396,66.249.65.166
397,81.37.69.179
398,94.242.151.114
399,190.178.79.114
400,119.63.198.61
401,66.249.65.182
402,65.55.207.121
403,200.93.225.26
404,189.59.55.182
405,122.106.209.49
406,95.148.135.232
407,78.149.8.120
408,65.55.207.78
409,82.6.105.185
410,80.87.90.243
411,65.55.106.179
412,220.181.7.28
413,74.125.46.81
414,201.191.156.226
415,24.186.166.147
416,69.113.196.156
417,213.78.125.170
418,190.177.68.207
419,66.249.65.39
420,200.90.175.181
421,88.247.71.192
422,210.210.149.157
423,71.35.202.75
424,71.141.254.202
425,208.43.179.10
426,203.87.205.158
427,114.246.77.84
428,65.55.107.179
429,195.229.242.59
430,195.229.235.38
431,63.130.248.38
432,212.219.116.109
433,83.105.17.60
434,91.82.140.34
435,85.12.64.153
436,134.176.167.17
437,123.237.232.118
438,213.7.101.10
439,208.89.76.203
440,200.117.204.175
441,96.57.194.234
442,150.70.84.46
443,74.242.235.23
444,152.2.15.133
445,152.2.14.191
446,93.133.64.221
447,196.41.20.251
448,119.63.198.53
449,86.165.186.113
450,74.125.46.80
451,201.191.155.142
452,220.181.7.100
453,76.173.94.153
454,75.8.124.166
455,201.223.62.242
456,81.234.195.253
457,150.70.84.41
458,65.55.207.27
459,66.249.65.51
460,66.249.65.24
461,41.250.23.52
462,41.221.202.142
463,61.183.15.9
464,203.185.214.42
465,64.184.228.230
466,65.55.106.114
467,65.55.207.101
468,76.65.207.92
469,219.89.226.84
470,113.36.218.92
471,119.82.126.162
472,86.31.79.206
473,81.245.237.236
474,65.55.207.30
475,79.246.95.46
476,86.7.16.122
477,110.55.170.18
478,62.43.184.15
479,64.129.85.90
480,192.188.55.4
481,81.222.236.2
482,148.236.5.92
483,85.92.209.135
484,157.92.44.71
485,157.92.44.72
486,200.85.200.234
487,189.19.60.31
488,202.37.78.13
489,82.178.69.34
490,24.10.190.114
491,82.16.99.188
492,152.2.14.157
493,66.249.65.2
494,119.63.198.35
495,190.177.72.119
496,208.80.193.32
497,91.125.209.235
498,208.80.193.38
499,220.181.7.108
500,129.116.69.235
501,204.236.132.156
502,201.222.254.205
503,74.125.46.82
504,65.55.207.134
505,69.63.182.123
506,65.55.106.211
507,208.80.193.43
508,192.43.227.18
509,145.72.98.1
510,121.157.218.46
511,117.204.68.4
512,210.69.75.17
513,144.41.33.62
514,92.240.68.152
515,84.164.79.108
516,217.228.242.181
517,194.116.198.179
518,72.14.164.138
519,82.69.254.6
520,72.14.164.179
521,72.14.164.175
522,72.14.164.141
523,72.14.164.163
524,72.14.164.166
525,72.14.164.149
526,72.14.164.184
527,72.14.164.156
528,72.14.164.180
529,72.14.164.132
530,65.55.106.108
531,72.14.164.142
532,72.14.164.186
533,72.14.164.183
534,72.14.164.151
535,72.14.164.129
536,91.84.211.17
537,72.14.164.188
538,72.14.164.139
539,72.14.164.145
540,72.14.164.144
541,72.14.164.135
542,72.14.164.170
543,72.14.164.194
544,72.14.164.196
545,59.95.55.121
546,72.14.164.173
547,72.14.164.189
548,72.14.164.131
549,72.14.164.167
550,66.220.146.246
551,193.132.78.42
552,217.112.115.34
553,72.14.164.199
554,72.14.164.159
555,72.14.164.136
556,72.14.164.140
557,72.14.164.187
558,72.14.164.193
559,72.14.164.191
560,41.204.224.14
561,72.14.164.161
562,94.111.114.16
563,75.101.220.102
564,77.103.93.169
565,72.14.164.134
566,72.14.164.176
567,72.14.164.146
568,128.227.41.189
569,72.14.164.172
570,190.178.74.122
571,72.14.164.155
572,72.14.164.130
573,72.14.164.128
574,131.211.213.116
575,72.14.164.147
576,72.14.164.164
577,72.14.164.168
578,72.14.164.185
579,72.14.164.178
580,72.14.164.165
581,193.136.1.22
582,72.14.164.153
583,89.35.98.94
584,41.202.74.171
585,75.101.179.42
586,72.14.164.192
587,131.111.151.217
588,220.181.7.38
589,72.14.164.152
590,72.14.164.157
591,66.249.71.172
592,41.235.233.101
593,72.14.164.133
594,164.77.156.115
595,200.51.96.85
596,123.125.66.40
597,84.119.45.159
598,204.11.225.76
599,66.249.71.155
600,96.42.119.166
601,67.142.162.38
602,71.202.151.131
603,88.71.69.23
604,80.200.101.58
605,208.70.189.142
606,139.18.63.84
607,95.15.70.77
608,200.51.93.243
609,65.55.106.228
610,92.40.164.35
611,112.202.177.6
612,91.205.175.4
613,38.127.134.3
614,80.65.107.50
615,65.55.106.112
616,81.154.247.103
617,95.149.29.151
618,190.64.101.1
619,94.9.19.98
620,189.29.16.20
621,80.58.205.98
622,71.3.207.181
623,85.122.30.2
624,75.111.31.182
625,195.248.193.121
626,85.174.224.69
627,66.235.124.54
628,60.224.132.144
629,119.63.198.32
630,66.249.67.120
631,65.55.106.162
632,173.55.27.157
633,190.22.140.252
634,66.249.65.88
635,190.49.46.79
636,202.36.154.162
637,216.104.15.130
638,67.202.41.30
639,77.250.147.41
640,66.249.67.9
641,67.195.112.165
642,220.253.102.76
643,200.127.245.101
644,187.45.20.152
645,65.55.106.133
646,173.95.155.139
647,202.5.185.86
648,116.55.226.131
649,125.60.240.217
650,217.127.72.187
651,66.249.65.252
652,65.55.207.126
653,120.152.123.176
654,203.88.10.131
655,91.44.205.8
656,117.193.137.119
657,213.106.114.58
658,86.141.219.243
659,200.82.88.170
660,82.95.143.3
661,88.242.70.155
662,117.195.229.133
663,86.146.252.51
664,65.55.207.71
665,65.55.218.159
666,193.218.134.246
667,38.100.41.113
668,86.168.58.134
669,200.42.143.173
670,86.91.155.159
671,79.74.133.33
672,220.181.125.68
673,84.188.249.24
674,213.106.93.89
675,83.34.114.163
676,69.63.180.247
677,88.131.106.21
678,82.35.50.57
679,61.215.163.136
680,119.63.198.36
681,217.42.31.71
682,89.210.83.36
683,186.3.1.155
684,65.55.218.158
685,65.55.207.22
686,24.189.174.196
687,68.51.108.20
688,157.249.83.68
689,65.243.185.247
690,220.181.7.14
691,187.4.27.209
692,66.249.67.117
693,65.55.106.109
694,67.195.112.176
695,124.189.35.155
696,98.21.99.88
697,66.249.71.245
698,71.121.200.250
699,58.64.41.68
700,117.202.131.3
701,216.157.145.63
702,141.65.161.67
703,72.55.156.8
704,75.101.221.99
705,78.157.175.21
706,122.100.132.199
707,77.101.254.213
708,65.55.106.180
709,125.166.216.178
710,80.229.151.110
711,190.64.98.54
712,91.135.234.156
713,92.201.107.133
714,217.42.14.206
715,91.156.167.21
716,95.159.216.167
717,83.237.232.133
718,77.193.230.246
719,87.186.102.73
720,74.6.22.176
721,62.56.108.172
722,78.159.121.20
723,83.208.2.240
724,205.178.184.154
725,71.199.94.4
726,69.63.178.246
727,88.233.2.0
728,72.14.194.1
729,190.183.1.121
730,65.243.186.2
731,208.114.40.192
732,24.22.125.177
733,65.55.106.136
734,212.117.183.163
735,131.112.16.220
736,207.46.199.190
737,74.107.163.16
738,187.137.24.236
739,212.183.140.61
740,207.46.199.185
741,203.185.133.16
742,66.249.67.15
743,200.12.205.154
744,89.0.182.218
745,207.46.199.194
746,141.84.65.44
747,151.20.39.192
748,117.196.146.126
749,90.163.140.157
750,81.204.70.179
751,80.162.198.240
752,77.224.172.132
753,84.18.136.2
754,80.42.27.202
755,78.141.73.219
756,208.80.193.27
757,154.8.20.107
758,203.131.252.14
759,83.17.87.206
760,193.10.145.40
761,208.80.193.28
762,87.64.139.75
763,65.55.106.229
764,144.13.140.135
765,144.13.137.28
766,144.13.136.63
767,65.55.106.234
768,84.96.6.162
769,190.178.65.239
770,91.107.63.80
771,209.159.223.8
772,80.240.220.32
773,65.55.215.75
774,65.51.46.18
775,65.55.207.69
776,142.103.144.2
777,95.7.49.168
778,134.121.117.71
779,71.34.252.253
780,65.55.207.119
781,67.195.111.183
782,211.30.198.230
783,220.181.7.43
784,212.178.14.145
785,65.55.106.230
786,124.219.26.209
787,65.55.106.115
788,65.55.107.180
789,65.55.207.26
790,128.208.152.99
791,118.100.69.159
792,122.107.229.202
793,216.104.15.138
794,65.55.216.53
795,65.55.106.132
796,65.55.106.131
797,65.55.106.183
798,65.55.106.139
799,65.55.215.74
800,65.55.207.118
801,65.55.207.94
802,65.55.207.51
803,65.55.106.107
804,65.55.106.155
805,207.46.199.199
806,65.55.106.156
807,65.55.207.47
808,65.55.106.232
809,65.55.207.98
810,65.55.216.55
811,65.55.106.187
812,65.55.106.181
813,65.55.106.231
814,65.55.106.207
815,65.55.207.135
816,65.55.216.33
817,65.55.207.45
818,98.118.208.230
819,121.215.214.157
820,67.195.115.153
821,67.195.112.50
822,72.14.193.66
823,93.187.161.104
824,65.55.216.9
825,207.46.199.193
826,94.52.91.54
827,82.198.250.66
828,200.43.249.254
829,128.40.184.124
830,91.77.235.246
831,65.244.122.243
832,66.249.71.27
833,211.232.57.21
834,79.137.233.136
835,61.247.222.45
836,190.43.71.63
837,128.253.177.65
838,216.38.35.125
839,80.177.31.148
840,77.49.57.214
841,200.17.83.66
842,67.160.102.66
843,129.128.152.33
844,61.23.221.9
845,84.29.48.147
846,98.192.4.251
847,192.104.39.2
848,74.58.211.234
849,64.125.222.16
850,173.162.73.9
851,38.99.97.103
852,207.46.199.180
853,220.181.7.32
854,67.195.112.85
855,65.55.207.74
856,82.41.47.55
857,66.249.67.85
858,65.55.106.184
859,65.55.207.132
860,65.100.37.183
861,72.30.161.221
862,207.46.195.226
863,202.89.58.19
864,65.55.106.160
865,65.55.207.131
866,212.55.66.90
867,65.55.106.158
868,65.55.207.138
869,65.55.207.125
870,131.193.92.220
871,145.36.234.116
872,207.241.173.20
873,65.55.207.93
874,65.55.106.210
875,65.55.107.182
876,65.55.207.49
877,68.6.201.245
878,65.55.207.122
879,65.55.106.111
880,65.55.106.138
881,65.55.207.52
882,65.55.110.26
883,119.152.164.17
884,207.46.195.231
885,88.5.212.39
886,65.55.207.25
887,65.55.207.21
888,65.55.110.197
889,65.55.106.182
890,77.51.218.133
891,83.149.3.27
892,218.186.11.228
893,218.186.11.12
894,65.55.106.208
895,207.46.204.193
896,65.55.207.100
897,65.55.106.185
898,91.42.168.153
899,65.55.207.96
900,168.167.220.254
901,87.112.37.15
902,80.164.14.21
903,65.55.216.10
904,65.55.207.48
905,92.234.17.65
906,65.55.106.134
907,65.55.106.233
908,65.55.106.159
909,79.229.61.236
910,61.89.27.53
911,217.87.245.167
912,65.55.106.157
913,83.43.67.149
914,65.55.106.186
915,65.55.207.23
916,128.54.6.208
917,65.55.207.76
918,65.55.207.70
919,221.208.241.248
920,65.55.207.133
921,65.55.106.137
922,65.55.207.99
923,220.181.7.33
924,74.6.149.198
925,67.195.115.37
926,66.249.65.226
927,207.46.195.225
928,207.46.195.241
929,68.142.243.60
930,207.46.204.233
931,24.210.70.237
932,207.46.204.231
933,207.46.195.223
934,67.195.112.253
935,67.202.29.142
936,190.16.157.253
937,207.46.195.239
938,190.40.196.11
939,24.2.38.93
940,65.55.110.219
941,207.46.199.42
942,76.231.191.114
943,207.46.204.178
944,66.30.224.4
945,207.46.204.185
946,207.46.195.228
947,207.46.204.227
948,122.181.142.195
949,207.46.204.230
950,207.46.195.237
951,87.65.247.5
952,207.46.204.189
953,84.108.123.203
954,195.13.163.99
955,74.222.2.74
956,67.195.113.215
957,64.56.64.57
958,207.46.204.238
959,64.56.67.154
960,85.211.39.207
961,131.220.121.193
962,201.51.253.234
963,218.186.11.249
964,218.186.11.10
965,190.95.187.2
966,75.121.142.191
967,168.96.255.130
968,207.46.204.191
969,151.65.34.41
970,207.46.199.47
971,88.131.106.30
972,207.46.195.235
973,24.16.157.102
974,207.46.204.194
975,79.197.82.85
976,207.46.204.179
977,207.46.199.191
978,86.9.165.23
979,207.46.204.186
980,85.114.130.150
981,66.249.65.231
982,86.9.117.23
983,217.44.249.153
984,207.46.199.41
985,88.131.106.32
986,74.107.164.170
987,93.139.123.124
988,207.46.204.188
989,150.70.84.204
990,196.3.50.253
991,66.249.65.206
992,75.101.203.73
993,220.181.7.113
994,207.46.204.236
995,207.46.199.46
996,207.46.199.49
997,96.240.51.44
998,207.46.199.54
999,66.249.65.204
1000,207.46.204.180
1001,207.46.12.26
1002,207.46.195.224
1003,67.164.92.15
1004,207.46.204.197
1005,187.149.66.189
1006,24.108.22.0
1007,207.46.199.39
1008,66.249.65.202
1009,207.46.199.53
1010,201.132.83.201
1011,207.46.195.236
1012,141.48.46.38
1013,207.46.204.187
1014,87.118.88.79
1015,79.99.118.12
1016,65.55.109.91
1017,65.55.109.45
1018,62.171.194.4
1019,207.46.12.120
1020,207.46.12.107
1021,65.55.110.171
1022,65.55.109.48
1023,207.46.204.177
1024,131.111.55.95
1025,207.46.199.40
1026,94.28.27.102
1027,207.46.204.190
1028,62.25.109.195
1029,207.46.199.178
1030,71.150.80.84
1031,89.123.119.76
1032,207.46.204.195
1033,207.46.195.238
1034,79.123.118.242
1035,89.248.168.41
1036,95.24.157.247
1037,96.224.32.26
1038,38.99.96.11
1039,88.240.165.15
1040,208.80.193.37
1041,216.73.249.89
1042,85.141.200.64
1043,174.116.106.206
1044,129.173.35.133
1045,207.46.199.52
1046,207.46.204.228
1047,70.246.96.182
1048,207.46.199.51
1049,66.249.65.107
1050,198.7.235.70
1051,72.214.129.36
1052,207.46.195.230
1053,207.46.199.43
1054,198.53.195.96
1055,86.162.160.4
1056,150.131.78.221
1057,83.36.247.216
1058,220.181.7.19
1059,66.249.65.84
1060,71.231.87.126
1061,207.46.199.48
1062,207.46.204.234
1063,207.46.204.235
1064,207.46.204.240
1065,173.212.214.130
1066,207.46.204.196
1067,207.46.204.183
1068,98.198.155.56
1069,207.46.195.240
1070,207.46.204.239
1071,121.121.173.106
1072,86.146.178.197
1073,70.33.184.37
1074,207.46.199.55
1075,213.229.219.129
1076,66.249.71.166
1077,24.44.139.8
1078,67.202.8.74
1079,207.46.204.243
1080,82.83.182.84
1081,95.148.135.130
1082,81.32.94.90
1083,24.207.250.197
1084,87.228.211.94
1085,216.104.15.134
1086,207.46.199.45
1087,207.46.204.237
1088,207.46.199.195
1089,85.185.137.4
1090,24.197.139.109
1091,86.167.181.97
1092,207.46.199.38
1093,141.52.175.61
1094,66.249.65.235
1095,190.226.137.123
1096,74.93.61.201
1097,61.147.97.249
1098,70.249.223.164
1099,71.104.224.47
1100,207.46.195.232
1101,212.175.32.126
1102,62.190.94.91
1103,118.101.251.39
1104,79.158.218.209
1105,65.55.110.218
1106,190.229.236.231
1107,65.55.109.20
1108,190.82.221.98
1109,65.55.110.216
1110,207.46.204.182
1111,190.222.64.236
1112,203.82.94.34
1113,88.232.254.133
1114,91.5.244.32
1115,165.138.0.20
1116,165.139.0.20
1117,92.23.128.188
1118,86.178.70.127
1119,92.237.222.66
1120,168.176.5.162
1121,198.96.80.15
1122,212.41.84.34
1123,86.141.181.11
1124,188.222.125.89
1125,66.235.124.18
1126,199.133.17.236
1127,95.133.135.144
1128,62.254.8.67
1129,65.55.37.203
1130,90.218.176.175
1131,92.27.153.191
1132,217.131.211.130
1133,220.181.7.112
1134,220.181.7.104
1135,95.173.45.55
1136,66.249.71.38
1137,207.46.199.196
1138,24.22.70.76
1139,24.7.65.16
1140,207.46.13.43
1141,207.46.13.41
1142,72.30.161.222
1143,207.46.195.233
1144,207.46.13.42
1145,207.46.13.85
1146,124.120.132.76
1147,207.46.13.87
1148,65.55.109.241
1149,65.55.109.158
1150,207.46.204.184
1151,65.55.109.168
1152,205.209.170.10
1153,132.180.252.57
1154,67.177.129.106
1155,198.54.202.150
1156,207.46.199.179
1157,82.5.181.208
1158,86.9.127.200
1159,207.46.13.134
1160,80.58.205.54
1161,86.132.217.143
1162,81.97.238.216
1163,201.10.21.92
1164,207.46.13.84
1165,88.131.106.31
1166,88.106.151.57
1167,74.182.225.230
1168,62.177.82.78
1169,94.19.101.245
1170,188.4.8.94
1171,82.132.139.30
1172,65.55.207.97
1173,207.46.13.131
1174,150.70.84.76
1175,207.46.204.181
1176,207.46.13.132
1177,151.61.236.212
1178,195.93.21.98
1179,195.93.21.5
1180,195.93.21.1
1181,195.93.21.42
1182,195.93.21.99
1183,195.93.21.100
1184,195.93.21.74
1185,195.93.21.40
1186,195.93.21.8
1187,195.93.21.34
1188,195.93.21.37
1189,195.93.21.3
1190,195.93.21.70
1191,195.93.21.9
1192,195.93.21.2
1193,195.93.21.104
1194,195.93.21.4
1195,195.93.21.72
1196,195.93.21.33
1197,195.93.21.6
1198,195.93.21.10
1199,195.93.21.65
1200,195.93.21.68
1201,195.93.21.101
1202,195.93.21.67
1203,195.93.21.106
1204,195.93.21.41
1205,195.93.21.38
1206,195.93.21.71
1207,195.93.21.97
1208,195.93.21.103
1209,195.93.21.7
1210,195.93.21.105
1211,195.93.21.102
1212,195.93.21.39
1213,92.11.32.55
1214,200.97.125.15
1215,76.181.46.204
1216,86.19.96.37
1217,201.223.176.55
1218,85.92.222.254
1219,212.183.140.2
1220,220.181.7.99
1221,201.130.223.180
1222,114.249.207.46
1223,114.249.206.35
1224,207.46.194.165
1225,173.160.158.254
1226,119.86.99.163
1227,207.46.199.44
1228,207.46.204.242
1229,207.46.199.37
1230,207.46.13.44
1231,92.244.25.242
1232,195.229.242.53
1233,207.46.195.234
1234,207.46.13.40
1235,85.75.166.211
1236,207.46.204.241
1237,92.238.72.160
1238,87.74.13.122
1239,67.195.113.224
1240,119.153.0.221
1241,222.124.3.12
1242,142.103.144.26
1243,174.129.152.208
1244,79.173.144.50
1245,208.80.193.36
1246,208.80.193.39
1247,125.89.152.187
1248,68.163.208.65
1249,129.100.68.174
1250,87.236.29.87
1251,193.206.79.46
1252,91.214.45.233
1253,192.86.100.36
1254,83.82.147.135
1255,67.212.67.7
1256,190.234.5.185
1257,72.194.98.121
1258,97.118.27.81
1259,85.108.246.108
1260,218.185.56.178
1261,66.249.65.240
1262,207.46.204.232
1263,190.40.173.252
1264,67.195.110.170
1265,66.249.71.105
1266,220.181.7.51
1267,217.39.49.239
1268,203.217.89.136
1269,190.81.93.72
1270,65.55.207.72
1271,65.55.215.76
1272,207.46.13.137
1273,207.46.199.22
1274,65.55.207.75
1275,75.83.76.96
1276,200.83.174.119
1277,208.80.193.34
1278,207.46.204.170
1279,124.190.0.218
1280,24.205.145.134
1281,69.110.5.208
1282,207.46.13.86
1283,165.12.252.111
1284,82.45.195.35
1285,204.218.240.143
1286,93.81.13.246
1287,72.30.161.230
1288,95.144.192.84
1289,118.100.15.252
1290,65.55.109.203
1291,207.46.204.215
1292,65.55.110.230
1293,113.169.88.26
1294,65.55.109.93
1295,207.46.204.169
1296,65.55.110.156
1297,81.19.67.243
1298,84.60.146.18
1299,65.55.216.32
1300,207.46.13.136
1301,207.46.199.188
1302,86.138.127.201
1303,212.219.116.229
1304,66.220.146.244
1305,193.35.132.7
1306,193.35.132.4
1307,193.35.132.25
1308,193.35.132.13
1309,193.35.132.10
1310,193.35.132.22
1311,193.35.132.19
1312,83.85.236.161
1313,200.3.122.146
1314,119.203.66.8
1315,123.19.51.169
1316,66.220.146.245
1317,87.25.5.41
1318,95.144.190.40
1319,207.46.199.198
1320,190.4.235.39
1321,200.71.233.164
1322,75.101.215.253
1323,207.46.199.200
1324,38.111.117.1
1325,207.46.195.201
1326,169.139.176.84
1327,86.177.202.81
1328,210.17.251.159
1329,83.183.220.124
1330,190.47.111.125
1331,200.7.40.36
1332,207.46.12.67
1333,87.54.42.99
1334,119.224.17.163
1335,80.198.105.116
1336,202.57.69.84
1337,222.66.83.60
1338,149.169.206.74
1339,207.46.12.66
1340,200.90.247.207
1341,195.244.169.41
1342,66.249.67.55
1343,121.218.59.47
1344,200.127.26.76
1345,220.181.7.54
1346,207.46.13.51
1347,24.240.203.106
1348,190.177.158.244
1349,165.98.236.75
1350,148.145.48.99
1351,66.249.67.78
1352,59.165.135.78
1353,190.161.13.54
1354,202.129.240.20
1355,222.124.203.10
1356,131.183.246.157
1357,81.108.91.51
1358,207.46.13.47
1359,207.46.13.48
1360,88.96.198.94
1361,204.218.240.159
1362,58.173.41.198
1363,207.46.13.95
1364,95.105.166.195
1365,64.255.180.164
1366,77.220.15.146
1367,193.190.117.55
1368,65.55.106.135
1369,162.38.231.76
1370,190.176.225.75
1371,207.46.13.93
1372,86.142.91.162
1373,78.48.132.230
1374,207.46.13.143
1375,207.46.12.217
1376,201.209.202.141
1377,118.68.49.100
1378,207.46.13.46
1379,95.32.138.48
1380,188.115.26.164
1381,65.55.107.181
1382,207.46.13.53
1383,95.147.156.79
1384,79.131.203.48
1385,207.46.195.216
1386,91.214.44.233
1387,207.46.204.157
1388,88.226.190.79
1389,130.18.201.65
1390,207.46.13.45
1391,65.55.106.161
1392,65.55.207.54
1393,190.25.97.30
1394,207.46.13.96
1395,141.65.161.69
1396,66.249.71.122
1397,69.86.163.198
1398,207.46.12.68
1399,66.249.67.11
1400,220.181.7.107
1401,207.46.13.100
1402,207.46.12.164
1403,201.253.225.216
1404,207.46.13.98
1405,207.46.12.63
1406,93.158.144.28
1407,207.46.13.138
1408,74.125.75.4
1409,189.104.91.92
1410,219.124.174.189
1411,71.198.173.68
1412,207.46.13.90
1413,207.46.13.139
1414,201.164.163.141
1415,207.46.204.244
1416,129.187.83.108
1417,111.68.24.27
1418,85.110.224.111
1419,194.8.75.157
1420,65.55.216.11
1421,88.182.37.178
1422,193.255.60.254
1423,121.52.159.232
1424,207.46.13.50
1425,94.192.63.155
1426,220.253.151.45
1427,201.79.142.200
1428,94.1.65.114
1429,207.46.12.205
1430,129.241.46.118
1431,207.46.195.229
1432,131.111.35.138
1433,74.125.16.1
1434,193.33.26.121
1435,87.173.128.134
1436,192.234.253.4
1437,88.117.88.100
1438,204.236.203.64
1439,64.237.233.140
1440,159.189.131.110
1441,208.44.221.71
1442,204.158.157.32
1443,204.236.198.191
1444,174.129.62.59
1445,207.46.13.101
1446,200.104.102.234
1447,96.31.230.202
1448,187.3.4.196
1449,119.63.193.129
1450,75.255.20.247
1451,59.183.56.247
1452,78.166.161.21
1453,186.124.231.159
1454,200.55.192.130
1455,93.35.153.247
1456,66.249.65.248
1457,190.45.150.203
1458,207.46.199.50
1459,207.46.13.145
1460,66.249.65.232
1461,66.249.65.199
1462,207.46.13.97
1463,66.249.65.241
1464,81.193.179.207
1465,66.249.65.195
1466,217.131.85.167
1467,121.217.253.42
1468,88.27.197.3
1469,207.46.204.203
1470,190.47.29.75
1471,119.235.237.93
1472,69.5.144.145
1473,207.46.195.204
1474,219.124.174.205
1475,207.46.13.140
1476,79.31.146.101
1477,38.99.96.210
1478,207.46.204.161
1479,210.7.2.235
1480,95.130.137.74
1481,174.121.75.42
1482,123.125.66.85
1483,66.249.71.72
1484,207.46.13.94
1485,212.124.7.164
1486,188.103.129.230
1487,207.46.13.52
1488,81.215.160.204
1489,87.113.16.233
1490,58.175.155.1
1491,200.89.58.90
1492,207.46.13.142
1493,115.75.0.99
1494,66.249.66.11
1495,88.246.202.88
1496,83.220.220.87
1497,190.131.103.58
1498,129.7.111.4
1499,190.21.28.255
1500,207.75.211.180
1501,66.249.67.37
1502,65.49.2.18
1503,202.88.240.69
1504,217.16.22.72
1505,188.27.217.147
1506,75.201.49.186
1507,83.204.231.116
1508,87.64.38.120
1509,89.223.219.174
1510,71.233.237.37
1511,65.55.106.203
1512,209.82.175.238
1513,65.55.106.227
1514,207.46.13.135
1515,186.60.4.247
1516,86.138.31.62
1517,72.49.217.64
1518,187.79.118.167
1519,220.181.7.47
1520,201.231.2.220
1521,190.40.91.123
1522,83.57.31.140
1523,66.249.67.101
1524,123.125.66.94
1525,118.210.129.61
1526,220.181.7.74
1527,123.125.66.83
1528,207.46.13.146
1529,123.125.66.76
1530,220.181.7.87
1531,123.125.66.67
1532,65.55.216.54
1533,203.160.128.8
1534,85.12.25.245
1535,123.125.66.60
1536,207.46.13.92
1537,207.46.13.54
1538,220.181.7.61
1539,125.161.22.18
1540,119.152.129.57
1541,134.206.126.189
1542,220.181.7.63
1543,123.125.66.69
1544,41.238.20.40
1545,217.131.211.141
1546,91.202.107.59
1547,131.111.186.95
1548,88.235.240.102
1549,207.46.13.144
1550,220.181.7.125
1551,123.125.66.120
1552,81.242.144.2
1553,81.157.12.170
1554,212.253.165.140
1555,123.125.66.122
1556,220.181.7.59
1557,216.188.244.90
1558,123.125.66.129
1559,220.181.7.69
1560,72.14.193.2
1561,217.18.20.253
1562,123.125.66.96
1563,134.2.104.166
1564,86.189.1.82
1565,85.103.37.1
1566,89.248.172.14
1567,217.207.136.226
1568,220.181.7.131
1569,123.125.66.70
1570,87.220.53.146
1571,80.13.147.129
1572,78.183.35.39
1573,62.28.37.67
1574,123.125.66.131
1575,220.181.7.66
1576,93.138.57.215
1577,70.112.233.74
1578,220.181.7.116
1579,86.154.45.56
1580,123.125.66.84
1581,220.181.7.96
1582,201.234.84.50
1583,220.181.7.132
1584,189.168.227.1
1585,95.103.172.254
1586,88.242.170.52
1587,123.125.66.79
1588,86.137.187.124
1589,147.47.241.114
1590,220.181.7.60
1591,65.102.152.96
1592,69.63.181.247
1593,207.46.12.212
1594,123.125.66.119
1595,220.181.7.70
1596,207.46.204.164
1597,66.249.65.236
1598,186.105.113.133
1599,123.125.66.82
1600,78.162.215.4
1601,220.181.7.68
1602,220.181.7.36
1603,66.249.65.243
1604,129.116.69.232
1605,207.46.12.27
1606,123.125.66.80
1607,220.181.7.120
1608,82.35.18.160
1609,187.15.32.87
1610,207.46.12.109
1611,207.46.199.33
1612,123.125.66.93
1613,220.181.7.86
1614,68.80.196.76
1615,207.46.204.213
1616,125.165.178.232
1617,68.2.158.155
1618,71.34.180.15
1619,86.160.8.110
1620,220.181.7.118
1621,71.202.146.53
1622,207.46.12.157
1623,123.125.66.133
1624,220.181.7.83
1625,188.45.234.35
1626,123.125.66.117
1627,207.46.12.170
1628,123.125.66.64
1629,207.46.12.25
1630,86.151.110.168
1631,62.203.196.110
1632,207.46.13.88
1633,220.181.7.67
1634,220.181.7.119
1635,205.188.116.6
1636,220.181.7.124
1637,123.125.66.59
1638,220.181.7.78
1639,123.125.66.57
1640,87.126.162.69
1641,218.88.35.31
1642,123.125.66.90
1643,220.181.7.77
1644,190.137.207.94
1645,193.157.203.121
1646,207.46.204.219
1647,207.183.232.130
1648,71.202.16.157
1649,220.181.7.88
1650,91.132.35.222
1651,81.152.241.52
1652,88.182.101.197
1653,220.181.7.79
1654,212.115.225.20
1655,123.125.66.95
1656,189.173.6.172
1657,80.75.1.202
1658,85.145.157.10
1659,207.46.199.13
1660,220.181.7.81
1661,66.102.62.148
1662,58.96.89.126
1663,86.143.2.36
1664,220.181.7.117
1665,220.181.7.128
1666,220.181.7.45
1667,219.13.86.5
1668,41.254.1.217
1669,220.157.216.215
1670,207.46.13.49
1671,208.80.193.1
1672,75.154.99.159
1673,123.125.66.71
1674,123.109.85.148
1675,68.121.23.146
1676,129.34.20.17
1677,78.102.178.237
1678,202.28.78.138
1679,81.101.136.236
1680,220.181.7.76
1681,220.181.7.89
1682,123.125.66.65
1683,201.67.207.227
1684,109.178.137.101
1685,86.147.246.25
1686,123.125.66.68
1687,189.202.68.239
1688,85.104.107.66
1689,72.44.48.41
1690,66.249.71.5
1691,207.46.12.117
1692,190.178.117.212
1693,122.29.116.151
1694,85.207.245.213
1695,66.220.145.246
1696,78.101.238.131
1697,64.38.3.50
1698,207.46.12.165
1699,207.46.12.203
1700,84.234.228.182
1701,137.205.88.118
1702,186.99.234.168
1703,123.125.66.62
1704,220.181.7.115
1705,86.145.41.154
1706,190.40.238.53
1707,88.234.220.119
1708,89.241.103.13
1709,201.239.161.63
1710,91.178.216.10
1711,123.125.66.118
1712,208.80.193.35
1713,208.115.138.254
1714,151.151.16.15
1715,66.249.67.23
1716,220.181.7.17
1717,207.46.12.19
1718,66.249.65.147
1719,65.55.104.67
1720,41.238.23.134
1721,65.55.104.53
1722,65.55.106.113
1723,65.55.104.68
1724,207.46.204.222
1725,65.55.104.70
1726,207.46.12.60
1727,220.181.7.85
1728,65.55.104.58
1729,123.125.66.92
1730,212.117.165.179
1731,220.181.7.130
1732,207.46.13.91
1733,65.55.104.60
1734,139.130.192.34
1735,65.55.104.74
1736,207.46.12.72
1737,65.55.104.63
1738,65.55.104.72
1739,220.181.7.95
1740,218.108.29.104
1741,41.182.204.226
1742,220.181.7.90
1743,85.115.58.180
1744,203.6.203.78
1745,81.149.214.9
1746,65.55.106.163
1747,66.220.153.245
1748,123.125.66.132
1749,207.46.199.28
1750,162.38.184.98
1751,220.181.7.123
1752,82.8.197.65
1753,80.229.93.121
1754,207.46.204.205
1755,207.46.204.166
1756,193.219.186.211
1757,200.72.149.186
1758,86.147.183.211
1759,77.103.5.89
1760,123.125.66.121
1761,123.125.66.81
1762,207.46.204.220
1763,195.93.21.36
1764,190.95.83.35
1765,207.46.199.21
1766,187.149.125.35
1767,200.59.236.106
1768,123.125.66.86
1769,86.167.66.215
1770,201.138.84.32
1771,220.181.7.73
1772,140.147.236.194
1773,201.241.105.239
1774,123.125.66.126
1775,81.103.107.191
1776,88.251.6.53
1777,78.180.125.125
1778,78.170.93.184
1779,190.227.71.9
1780,131.111.184.8
1781,65.55.106.204
1782,72.11.87.44
1783,66.249.65.201
1784,125.65.165.184
1785,67.218.116.130
1786,67.218.116.164
1787,204.236.211.159
1788,84.9.15.15
1789,78.33.237.147
1790,220.181.7.122
1791,216.158.1.201
1792,216.129.119.44
1793,216.129.119.40
1794,66.249.65.237
1795,67.218.116.133
1796,186.10.26.144
1797,74.125.74.131
1798,140.117.30.34
1799,67.218.116.165
1800,200.46.83.245
1801,213.81.85.15
1802,66.249.65.197
1803,220.181.7.57
1804,91.214.45.238
1805,216.129.119.42
1806,216.129.119.12
1807,67.218.116.134
1808,67.218.116.162
1809,123.125.66.72
1810,207.46.13.89
1811,117.3.4.67
1812,212.219.203.8
1813,66.249.65.250
1814,216.129.119.13
1815,204.236.226.210
1816,82.147.20.75
1817,66.249.65.205
1818,216.129.119.14
1819,41.201.78.27
1820,164.133.154.130
1821,216.129.119.43
1822,41.233.47.81
1823,200.29.170.58
1824,205.178.184.152
1825,205.178.184.156
1826,67.218.116.163
1827,207.46.195.210
1828,80.229.196.97
1829,67.218.116.166
1830,76.99.226.69
1831,207.46.12.211
1832,207.46.199.14
1833,80.218.3.81
1834,216.129.119.11
1835,216.129.119.41
1836,207.46.204.162
1837,80.58.205.38
1838,96.9.143.181
1839,220.181.7.80
1840,207.46.199.30
1841,200.17.137.79
1842,91.125.54.118
1843,201.158.83.83
1844,88.234.211.237
1845,200.75.9.162
1846,67.218.116.132
1847,195.3.157.254
1848,119.63.198.12
1849,190.152.115.209
1850,220.181.7.55
1851,81.18.50.103
1852,96.31.166.228
1853,69.20.70.86
1854,220.181.7.37
1855,187.152.19.44
1856,212.84.104.108
1857,123.125.66.130
1858,220.181.7.94
1859,70.16.158.35
1860,220.181.7.62
1861,131.111.48.93
1862,196.6.221.4
1863,195.221.174.217
1864,86.155.91.137
1865,78.170.201.167
1866,201.234.0.134
1867,65.83.116.10
1868,67.169.216.38
1869,189.145.47.232
1870,93.158.148.30
1871,83.237.53.215
1872,207.46.12.159
1873,178.208.75.89
1874,65.55.216.44
1875,78.175.65.247
1876,92.10.174.101
1877,190.42.71.178
1878,207.46.12.213
1879,207.46.12.20
1880,69.63.189.246
1881,123.125.66.66
1882,92.226.192.83
1883,88.108.107.235
1884,38.100.226.146
1885,38.101.148.126
1886,119.63.198.7
1887,196.205.170.26
1888,63.196.142.33
1889,189.190.61.172
1890,87.220.83.36
1891,72.30.161.253
1892,220.181.7.52
1893,213.22.137.66
1894,207.46.12.215
1895,207.46.12.18
1896,207.46.12.70
1897,190.20.78.164
1898,188.92.72.172
1899,125.71.200.6
1900,88.110.181.123
1901,207.46.12.204
1902,207.46.195.214
1903,190.10.54.132
1904,110.32.107.33
1905,85.101.232.61
1906,67.159.60.65
1907,220.181.7.65
1908,207.46.204.163
1909,91.212.226.18
1910,122.24.198.239
1911,67.195.111.218
1912,207.46.204.167
1913,212.33.246.66
1914,206.81.181.10
1915,82.144.245.36
1916,207.46.204.209
1917,114.78.248.21
1918,67.218.116.131
1919,81.106.219.129
1920,213.55.66.220
1921,144.32.126.11
1922,188.112.104.7
1923,201.167.123.129
1924,78.86.201.175
1925,186.105.127.219
1926,207.46.12.114
1927,123.125.66.77
1928,77.87.32.102
1929,212.69.11.40
1930,81.35.239.146
1931,200.144.29.106
1932,207.46.12.156
1933,113.166.45.82
1934,204.84.6.88
1935,82.45.165.2
1936,144.122.120.60
1937,71.200.247.45
1938,195.191.40.13
1939,123.125.66.89
1940,161.38.221.197
1941,119.63.198.46
1942,189.100.174.41
1943,207.46.199.16
1944,190.42.8.48
1945,174.121.88.26
1946,220.181.7.20
1947,190.160.130.212
1948,174.121.75.26
1949,207.46.12.161
1950,84.9.15.85
1951,125.167.253.65
1952,207.46.204.172
1953,95.14.85.80
1954,207.46.195.205
1955,207.46.204.211
1956,207.46.12.16
1957,109.195.140.140
1958,207.46.204.212
1959,207.46.12.122
1960,207.46.12.115
1961,207.46.199.26
1962,207.46.204.218
1963,212.44.6.81
1964,78.161.37.154
1965,151.12.58.2
1966,207.46.195.217
1967,207.46.12.160
1968,201.35.212.98
1969,190.177.151.143
1970,66.249.67.52
1971,123.125.66.58
1972,207.46.12.73
1973,84.92.211.193
1974,163.247.40.160
1975,150.214.36.10
1976,74.252.104.34
1977,85.146.136.183
1978,201.67.172.104
1979,69.168.210.10
1980,77.21.66.203
1981,119.63.198.13
1982,38.99.96.81
1983,95.172.9.202
1984,72.37.171.196
1985,66.249.65.118
1986,216.129.119.45
1987,66.249.65.91
1988,124.115.6.11
1989,84.9.15.91
1990,78.140.138.39
1991,72.94.249.38
1992,201.251.98.141
1993,81.213.125.123
1994,188.56.252.215
1995,220.181.7.84
1996,219.117.193.20
1997,131.111.30.57
1998,121.10.111.162
1999,92.237.78.233
2000,67.218.116.170
2001,67.218.116.167
2002,67.218.116.169
2003,216.129.119.46
2004,216.129.119.48
2005,216.129.119.47
2006,67.218.116.168
2007,216.129.119.49
2008,67.218.116.171
2009,84.17.11.114
2010,87.79.175.136
2011,92.143.147.189
2012,86.149.27.173
2013,87.77.155.168
2014,71.134.241.155
2015,88.251.253.113
2016,66.220.153.250
2017,207.46.195.207
2018,190.184.83.117
2019,69.63.189.250
2020,67.195.115.185
2021,200.169.84.236
2022,220.181.7.48
2023,201.24.176.108
2024,207.46.204.168
2025,201.17.96.9
2026,207.46.12.163
2027,88.110.184.44
2028,207.46.12.214
2029,150.70.66.183
2030,92.114.149.154
2031,123.125.66.125
2032,81.129.143.78
2033,178.79.128.23
2034,86.29.246.143
2035,58.61.164.19
2036,220.181.7.126
2037,207.46.12.23
2038,207.46.12.21
2039,82.21.151.16
2040,192.100.112.211
2041,208.80.193.121
2042,207.46.12.29
2043,212.45.26.214
2044,212.113.36.33
2045,196.192.40.21
2046,82.154.14.192
2047,24.89.237.110
2048,193.62.154.252
2049,205.178.184.155
2050,83.216.132.224
2051,78.169.156.26
2052,221.38.234.102
2053,220.253.148.115
2054,88.209.214.246
2055,92.23.15.195
2056,200.7.224.18
2057,217.14.6.72
2058,205.175.121.68
2059,207.46.193.48
2060,190.216.56.34
2061,207.46.204.173
2062,207.46.12.65
2063,201.213.177.111
2064,129.123.172.138
2065,66.249.66.119
2066,187.112.182.148
2067,212.84.98.59
2068,207.46.199.32
2069,24.130.88.151
2070,118.97.69.146
2071,207.46.12.13
2072,125.160.221.98
2073,65.52.108.58
2074,85.26.173.176
2075,84.26.11.235
2076,207.46.204.210
2077,86.186.97.227
2078,178.63.9.74
2079,201.240.112.249
2080,221.130.7.102
2081,95.130.10.37
2082,207.46.194.64
2083,92.75.233.143
2084,190.174.20.90
2085,207.46.194.71
2086,131.111.139.104
2087,78.40.195.72
2088,38.99.97.115
2089,66.249.71.14
2090,94.100.181.99
2091,123.125.66.75
2092,207.46.12.14
2093,220.181.7.109
2094,190.177.37.247
2095,88.110.142.186
2096,150.70.84.48
2097,207.46.199.217
2098,131.111.113.4
2099,194.83.252.163
2100,59.177.98.161
2101,80.3.184.52
2102,207.46.12.22
2103,62.62.128.161
2104,86.170.3.133
2105,193.145.124.210
2106,109.172.40.197
2107,92.43.64.71
2108,190.138.81.82
2109,212.183.222.26
2110,94.197.186.18
2111,207.46.12.69
2112,88.209.233.194
2113,80.176.145.20
2114,86.170.206.83
2115,187.12.84.146
2116,209.85.228.84
2117,62.80.246.145
2118,86.162.155.237
2119,66.249.66.110
2120,92.240.68.153
2121,131.111.248.8
2122,88.131.106.22
2123,81.151.179.228
2124,190.174.18.228
2125,66.249.66.55
2126,84.9.15.113
2127,125.163.165.84
2128,71.185.144.111
2129,68.206.137.36
2130,220.181.66.165
2131,78.161.41.227
2132,59.177.106.226
2133,203.82.81.79
2134,87.113.186.3
2135,202.29.18.253
2136,212.138.69.19
2137,212.138.69.18
2138,212.138.47.16
2139,212.138.69.17
2140,212.138.69.24
2141,66.249.65.101
2142,82.133.117.157
2143,72.152.246.116
2144,88.191.117.43
2145,117.199.121.84
2146,190.138.185.39
2147,213.105.191.87
2148,200.106.98.153
2149,90.195.174.244
2150,77.206.38.104
2151,190.48.14.244
2152,86.159.87.69
2153,71.136.42.54
2154,82.132.248.18
2155,186.18.24.83
2156,24.201.124.118
2157,200.112.70.191
2158,220.181.7.106
2159,87.114.185.54
2160,190.42.151.148
2161,118.96.3.81
2162,147.210.209.38
2163,200.140.95.14
2164,207.46.12.200
2165,193.169.86.70
2166,86.9.95.81
2167,66.249.65.102
2168,190.178.74.53
2169,24.39.211.14
2170,81.243.139.104
2171,81.105.176.121
2172,86.181.91.73
2173,130.235.101.29
2174,190.246.102.231
2175,86.176.120.79
2176,201.19.121.73
2177,217.39.77.7
2178,86.26.11.184
2179,88.251.114.154
2180,190.235.209.81
2181,86.132.179.113
2182,76.188.204.130
2183,220.181.7.44
2184,93.158.147.30
2185,84.9.15.88
2186,87.117.190.71
2187,61.64.137.220
2188,86.148.224.206
2189,92.243.84.187
2190,81.213.163.250
2191,66.235.124.73
2192,119.225.90.242
2193,202.173.180.65
2194,80.4.121.82
2195,81.144.199.141
2196,212.69.53.218
2197,81.102.15.200
2198,200.90.194.2
2199,109.205.114.162
2200,93.158.147.29
2201,91.111.70.120
2202,78.105.202.139
2203,187.35.240.162
2204,193.105.254.165
2205,91.109.114.7
2206,81.192.199.83
2207,190.208.109.4
2208,78.145.213.196
2209,62.24.222.132
2210,62.24.222.131
2211,220.181.7.23
2212,133.70.80.17
2213,212.84.97.184
2214,207.46.12.207
2215,66.249.65.251
2216,38.105.83.12
2217,85.103.55.116
2218,91.86.30.107
2219,208.80.193.40
2220,60.52.86.7
2221,128.176.85.113
2222,146.83.205.130
2223,86.132.49.124
2224,190.178.65.153
2225,62.254.10.169
2226,64.118.27.112
2227,66.249.66.247
2228,64.233.172.1
2229,190.177.185.228
2230,69.63.181.245
2231,66.249.65.219
2232,66.249.65.213
2233,92.236.82.48
2234,66.249.66.23
2235,87.113.244.143
2236,208.80.193.58
2237,116.125.140.8
2238,75.52.240.89
2239,82.77.138.134
2240,208.71.173.74
2241,86.136.148.11
2242,61.8.252.134
2243,217.36.123.213
2244,81.187.204.46
2245,85.97.191.193
2246,184.73.19.148
2247,211.100.19.216
2248,94.194.177.235
2249,199.133.185.22
2250,82.23.63.75
2251,86.15.59.129
2252,188.102.199.147
2253,94.142.134.218
2254,87.117.190.35
2255,66.249.65.238
2256,189.32.163.238
2257,205.175.121.127
2258,65.55.51.69
2259,190.232.218.210
2260,84.9.15.23
2261,222.124.207.5
2262,203.173.161.117
2263,65.55.51.114
2264,219.133.105.219
2265,209.59.172.198
2266,66.249.65.230
2267,38.99.98.110
2268,93.158.147.28
2269,65.55.51.70
2270,118.97.12.43
2271,65.55.51.115
2272,66.249.71.69
2273,201.216.217.101
2274,163.10.199.46
2275,201.197.32.18
2276,213.218.142.100
2277,217.20.118.75
2278,80.176.135.205
2279,82.69.17.167
2280,66.249.71.17
2281,200.89.58.117
2282,75.172.54.106
2283,62.194.121.218
2284,84.92.243.246
2285,187.37.165.10
2286,66.249.65.181
2287,66.249.65.129
2288,212.84.120.115
2289,62.122.211.4
2290,70.36.101.58
2291,74.222.3.202
2292,194.136.238.200
2293,115.238.100.218
2294,82.169.153.173
2295,66.249.65.188
2296,58.61.164.40
2297,204.68.97.131
2298,58.61.164.141
2299,77.255.46.240
2300,66.249.82.65
2301,86.12.71.220
2302,109.153.161.208
2303,81.133.182.201
2304,188.3.162.140
2305,209.85.226.82
2306,86.31.194.166
2307,86.160.134.54
2308,121.52.147.11
2309,77.99.11.16
2310,64.246.165.170
2311,66.249.65.183
2312,85.103.107.43
2313,86.164.137.238
2314,79.203.126.137
2315,66.220.153.246
2316,65.55.2.140
2317,66.220.156.246
2318,66.249.65.186
2319,90.41.186.83
2320,65.55.51.110
2321,187.59.124.151
2322,119.63.198.57
2323,212.44.26.65
2324,66.249.66.87
2325,220.181.7.50
2326,84.9.15.119
2327,201.240.89.203
2328,82.9.80.234
2329,94.76.115.103
2330,66.249.65.55
2331,207.46.194.62
2332,87.66.176.239
2333,78.163.97.51
2334,61.222.216.248
2335,207.46.12.28
2336,125.25.136.72
2337,77.176.172.85
2338,74.222.5.226
2339,94.30.63.42
2340,99.178.174.222
2341,86.17.195.117
2342,134.93.246.83
2343,219.149.151.12
2344,190.42.32.78
2345,71.15.46.86
2346,65.55.2.141
2347,129.67.180.27
2348,202.143.86.43
2349,66.249.65.9
2350,86.138.56.48
2351,119.63.198.59
2352,66.249.65.40
2353,212.84.106.244
2354,220.181.7.13
2355,66.249.65.25
2356,66.249.65.53
2357,62.44.82.142
2358,207.46.199.246
2359,66.249.65.17
2360,65.52.108.59
2361,121.121.81.13
2362,66.249.65.15
2363,66.249.65.3
2364,218.248.47.31
2365,58.168.45.141
2366,88.110.174.201
2367,221.13.79.34
2368,95.147.157.25
2369,82.29.230.103
2370,66.249.65.44
2371,66.249.65.249
2372,86.31.131.11
2373,77.20.131.215
2374,74.125.154.86
2375,217.35.89.39
2376,91.84.110.171
2377,72.14.212.86
2378,74.125.154.85
2379,74.125.154.81
2380,98.240.179.226
2381,213.180.207.227
2382,200.98.197.72
2383,119.63.198.100
2384,119.63.198.80
2385,99.135.46.206
2386,213.5.64.179
2387,80.152.132.137
2388,77.93.2.81
2389,67.248.184.24
2390,194.44.171.0
2391,208.80.194.31
2392,124.115.1.8
2393,86.14.237.19
2394,58.61.164.139
2395,82.6.104.140
2396,66.249.71.43
2397,88.234.141.141
2398,88.224.214.191
2399,213.74.238.127
2400,78.179.190.171
2401,78.166.98.22
2402,69.153.192.161
2403,82.45.75.197
2404,86.183.223.89
2405,212.103.103.123
2406,86.2.101.35
2407,189.4.36.27
2408,119.63.198.55
2409,66.249.65.46
2410,66.249.65.60
2411,65.52.192.56
2412,66.249.65.54
2413,66.249.65.33
2414,207.46.204.221
2415,220.181.7.35
2416,131.162.135.54
2417,208.80.194.30
2418,207.46.12.241
2419,202.28.181.11
2420,65.52.49.139
2421,208.80.194.34
2422,95.147.240.120
2423,95.134.188.223
2424,150.70.66.178
2425,92.201.186.46
2426,67.202.27.97
2427,67.202.40.158
2428,82.166.163.10
2429,79.125.65.174
2430,65.52.49.141
2431,72.14.212.80
2432,65.52.51.178
2433,65.52.49.76
2434,64.56.66.178
2435,80.139.117.254
2436,65.52.51.179
2437,62.163.142.48
2438,119.63.198.26
2439,74.125.154.82
2440,115.87.84.141
2441,221.226.2.179
2442,130.95.128.51
2443,194.176.105.96
2444,71.42.94.114
2445,131.114.145.12
2446,65.52.53.243
2447,207.46.199.232
2448,194.126.0.37
2449,198.145.243.40
2450,202.28.179.13
2451,82.6.100.96
2452,144.120.8.37
2453,65.52.53.244
2454,76.15.15.19
2455,88.31.187.195
2456,65.52.51.180
2457,190.204.5.36
2458,146.164.124.2
2459,187.54.152.150
2460,189.174.1.254
2461,190.22.217.94
2462,78.181.60.187
2463,86.129.58.157
2464,189.43.141.95
2465,81.192.238.98
2466,82.0.42.25
2467,119.63.198.62
2468,207.46.12.237
2469,66.249.66.69
2470,65.55.25.153
2471,208.80.194.32
2472,67.67.221.106
2473,78.149.129.26
2474,211.184.197.28
2475,193.153.59.17
2476,221.120.69.12
2477,207.46.12.238
2478,209.85.226.85
2479,78.165.162.176
2480,194.80.225.3
2481,85.12.76.63
2482,24.203.199.62
2483,64.5.40.122
2484,217.127.207.201
2485,125.26.24.228
2486,94.23.47.174
2487,91.125.64.155
2488,75.92.139.40
2489,123.125.66.25
2490,123.125.66.20
2491,87.89.71.164
2492,66.249.67.116
2493,69.236.181.116
2494,201.250.14.1
2495,76.127.179.45
2496,188.138.56.55
2497,205.209.170.2
2498,202.28.35.3
2499,88.227.153.125
2500,66.220.153.248
2501,93.97.64.94
2502,217.230.95.128
2503,83.232.171.115
2504,91.84.179.18
2505,84.10.34.235
2506,66.249.65.247
2507,66.249.65.193
2508,66.249.65.244
2509,89.240.170.129
2510,175.157.70.240
2511,66.220.153.249
2512,38.99.96.26
2513,41.234.250.54
2514,93.232.196.178
2515,66.249.65.215
2516,85.138.224.98
2517,72.14.202.80
2518,80.165.184.69
2519,189.114.88.87
2520,88.228.111.39
2521,88.104.52.235
2522,63.245.15.21
2523,69.117.130.68
2524,201.81.53.165
2525,173.178.232.48
2526,123.125.67.162
2527,123.125.67.164
2528,190.27.151.33
2529,125.74.72.5
2530,125.74.92.152
2531,67.172.124.157
2532,69.140.154.51
2533,190.40.161.231
2534,190.42.209.5
2535,98.245.31.195
2536,137.108.145.250
2537,207.46.195.106
2538,203.127.156.178
2539,95.121.201.235
2540,78.183.210.192
2541,86.133.60.160
2542,92.11.204.108
2543,82.166.163.12
2544,193.194.69.37
2545,94.179.22.60
2546,221.79.18.137
2547,164.73.160.15
2548,212.117.175.52
2549,88.237.212.59
2550,170.210.241.133
2551,201.197.69.26
2552,81.107.46.69
2553,91.212.226.56
2554,88.131.106.2
2555,88.131.106.8
2556,200.121.157.192
2557,93.96.151.21
2558,212.113.35.162
2559,128.187.0.183
2560,64.56.64.83
2561,88.131.106.1
2562,88.131.106.7
2563,78.97.202.54
2564,85.150.201.32
2565,82.32.41.64
2566,88.131.106.5
2567,88.131.106.6
2568,187.133.157.147
2569,65.52.49.140
2570,158.195.106.40
2571,187.105.131.119
2572,173.203.51.205
2573,208.80.194.37
2574,69.28.58.3
2575,86.31.1.89
2576,38.99.96.85
2577,83.67.116.164
2578,92.234.37.208
2579,124.122.68.134
2580,200.27.104.244
2581,200.135.252.12
2582,95.33.150.38
2583,109.8.14.253
2584,200.125.156.238
2585,78.105.232.8
2586,78.13.233.98
2587,94.3.69.89
2588,91.97.82.57
2589,190.137.31.176
2590,90.195.252.77
2591,99.96.244.76
2592,18.111.43.87
2593,74.191.68.194
2594,97.230.161.44
2595,194.76.64.11
2596,212.6.98.2
2597,69.28.58.10
2598,59.90.141.138
2599,91.120.50.1
2600,117.211.28.46
2601,178.168.24.60
2602,207.46.12.110
2603,190.199.162.217
2604,80.229.248.145
2605,200.63.82.183
2606,76.8.67.164
2607,69.28.58.5
2608,81.233.15.17
2609,90.31.192.100
2610,113.165.217.197
2611,207.30.247.131
2612,123.125.66.15
2613,123.125.66.42
2614,38.111.147.84
2615,64.246.165.160
2616,120.21.120.3
2617,123.125.67.167
2618,150.70.75.162
2619,212.174.30.174
2620,113.53.67.110
2621,85.210.94.222
2622,190.139.5.6
2623,78.84.193.155
2624,38.100.41.66
2625,94.192.173.16
2626,86.24.17.102
2627,123.24.9.170
2628,190.42.236.30
2629,91.37.165.48
2630,41.145.214.230
2631,209.85.226.80
2632,79.109.146.235
2633,24.68.112.145
2634,83.96.132.75
2635,190.42.127.245
2636,125.74.80.102
2637,125.74.85.142
2638,205.203.134.197
2639,188.58.221.134
2640,66.249.65.209
2641,190.81.173.34
2642,190.42.98.98
2643,68.198.224.228
2644,109.104.76.142
2645,60.240.67.178
2646,88.30.2.151
2647,190.177.134.49
2648,79.167.144.74
2649,216.171.98.77
2650,184.73.64.218
2651,193.190.117.167
2652,66.249.65.207
2653,213.78.40.226
2654,202.184.111.88
2655,93.232.177.29
2656,147.162.223.90
2657,145.53.154.237
2658,123.125.66.35
2659,123.125.66.44
2660,220.181.7.26
2661,93.108.214.209
2662,95.144.132.237
2663,190.178.98.57
2664,201.253.151.141
2665,187.40.187.187
2666,91.66.129.63
2667,184.72.181.179
2668,90.244.16.179
2669,190.36.2.70
2670,142.150.214.170
2671,91.205.96.19
2672,67.195.114.247
2673,76.117.126.149
2674,208.80.194.47
2675,95.168.183.233
2676,66.249.65.27
2677,66.249.65.5
2678,88.84.142.122
2679,186.140.134.4
2680,68.36.234.1
2681,188.107.224.208
2682,66.249.65.58
2683,87.112.234.70
2684,81.102.239.181
2685,74.208.133.38
2686,81.119.50.158
2687,200.246.13.2
2688,220.226.206.108
2689,119.230.103.254
2690,134.102.228.73
2691,77.238.187.19
2692,77.238.187.18
2693,190.82.60.53
2694,98.227.248.58
2695,200.72.159.19
2696,200.72.159.6
2697,87.67.106.100
2698,206.41.88.206
2699,207.189.121.45
2700,95.108.158.233
2701,200.1.202.97
2702,207.189.121.44
2703,79.142.66.55
2704,93.36.109.230
2705,86.171.20.180
2706,189.62.185.99
2707,189.214.30.49
2708,138.16.30.203
2709,78.182.210.73
2710,60.165.80.225
2711,125.74.86.134
2712,208.80.194.58
2713,24.117.203.126
2714,70.80.131.101
2715,202.180.34.186
2716,151.201.241.132
2717,125.74.79.145
2718,123.125.66.16
2719,217.117.216.14
2720,213.106.174.22
2721,208.80.194.51
2722,66.249.65.21
2723,66.249.65.49
2724,66.197.139.197
2725,91.205.96.13
2726,208.80.194.60
2727,208.80.194.61
2728,65.55.55.216
2729,66.249.65.23
2730,123.125.66.18
2731,59.95.14.128
2732,78.163.34.226
2733,79.236.62.23
2734,190.172.143.250
2735,123.125.66.102
2736,91.201.66.142
2737,24.46.21.221
2738,61.166.32.122
2739,220.181.125.72
2740,220.181.94.217
2741,187.78.54.250
2742,190.226.101.30
2743,222.155.3.214
2744,64.182.124.219
2745,96.25.78.38
2746,58.61.164.140
2747,190.22.109.98
2748,186.2.136.37
2749,216.230.133.69
2750,89.104.228.146
2751,111.160.70.231
2752,124.82.130.250
2753,81.187.240.239
2754,134.176.167.19
2755,194.82.141.212
2756,201.0.141.207
2757,87.160.164.153
2758,62.49.242.126
2759,209.85.228.85
2760,93.48.85.62
2761,208.43.40.94
2762,2.124.47.95
2763,87.175.47.224
2764,69.28.58.4
2765,209.85.228.82
2766,151.60.51.0
2767,132.248.203.103
2768,66.249.65.79
2769,158.170.249.114
2770,213.186.120.196
2771,220.181.7.24
2772,213.186.122.2
2773,213.186.122.3
2774,90.48.236.242
2775,66.249.65.117
2776,186.124.161.87
2777,63.197.146.249
2778,83.188.249.214
2779,71.142.233.195
2780,117.53.96.161
2781,66.249.65.99
2782,201.92.166.75
2783,66.249.67.107
2784,69.28.58.9
2785,125.234.22.26
2786,190.82.11.101
2787,201.220.233.82
2788,131.111.1.66
2789,124.67.108.2
2790,85.102.63.44
2791,88.104.112.69
2792,213.240.251.202
2793,141.6.11.13
2794,66.249.67.142
2795,66.249.67.174
2796,66.249.67.232
2797,41.71.136.52
2798,207.46.194.149
2799,79.145.199.170
2800,64.150.17.6
2801,212.123.141.89
2802,86.13.68.205
2803,207.46.199.214
2804,123.125.66.24
2805,123.125.66.33
2806,123.125.66.113
2807,123.125.66.32
2808,123.125.66.52
2809,123.125.66.48
2810,123.125.66.101
2811,123.125.66.100
2812,123.125.66.115
2813,123.125.66.21
2814,216.73.67.133
2815,123.125.66.107
2816,123.125.66.29
2817,123.125.66.106
2818,123.125.66.116
2819,188.134.41.2
2820,123.125.66.111
2821,123.125.66.103
2822,123.125.66.114
2823,123.125.66.108
2824,123.125.66.39
2825,131.111.185.69
2826,208.176.117.46
2827,86.22.78.224
2828,78.181.49.238
2829,66.249.65.133
2830,178.63.19.47
2831,72.14.202.85
2832,72.14.202.86
2833,121.120.21.129
2834,189.130.100.69
2835,115.70.136.226
2836,61.183.9.246
2837,66.249.65.141
2838,79.130.7.205
2839,69.63.190.247
2840,69.63.181.249
2841,188.40.42.56
2842,192.31.21.150
2843,83.21.109.110
2844,69.63.190.251
2845,79.6.5.244
2846,89.146.150.123
2847,70.76.80.251
2848,111.88.36.0
2849,94.123.45.237
2850,76.214.49.83
2851,84.38.11.181
2852,66.220.146.249
2853,208.91.113.20
2854,38.104.134.114
2855,189.27.5.111
2856,69.28.58.8
2857,209.85.228.80
2858,85.137.193.239
2859,78.165.249.80
2860,69.125.177.99
2861,190.216.30.106
2862,71.41.201.37
2863,190.82.56.38
2864,201.51.230.237
2865,190.234.217.86
2866,200.111.191.106
2867,83.21.114.48
2868,202.188.40.25
2869,71.38.211.186
2870,119.194.129.68
2871,66.249.65.180
2872,59.93.242.131
2873,120.17.201.253
2874,66.249.65.179
2875,192.91.247.212
2876,88.131.106.3
2877,193.62.194.248
2878,62.43.59.94
2879,77.161.112.163
2880,131.111.37.225
2881,112.135.38.200
2882,88.196.244.221
2883,85.12.96.12
2884,92.43.64.72
2885,132.230.190.44
2886,88.74.17.94
2887,189.98.102.40
2888,201.230.61.92
2889,116.14.14.249
2890,81.137.117.17
2891,207.244.147.95
2892,92.113.45.116
2893,208.80.194.62
2894,52.129.8.52
2895,195.191.54.115
2896,190.139.111.98
2897,69.28.58.6
2898,80.137.217.246
2899,64.25.151.66
2900,190.82.39.10
2901,123.125.66.53
2902,123.125.66.19
2903,142.13.18.101
2904,62.38.61.146
2905,72.73.169.204
2906,190.210.79.129
2907,123.125.71.15
2908,220.181.108.87
2909,123.125.71.21
2910,220.181.108.85
2911,69.159.19.167
2912,123.125.71.26
2913,159.226.100.225
2914,123.125.71.30
2915,220.181.108.90
2916,66.249.65.175
2917,123.125.71.20
2918,220.181.108.88
2919,66.249.65.135
2920,123.125.71.19
2921,220.181.108.91
2922,69.28.58.2
2923,220.181.108.93
2924,123.125.71.13
2925,220.181.108.89
2926,123.125.71.32
2927,66.249.65.139
2928,89.123.60.205
2929,123.125.71.14
2930,220.181.108.75
2931,124.180.11.89
2932,121.247.162.171
2933,220.181.108.95
2934,69.28.58.7
2935,81.144.199.142
2936,131.111.119.84
2937,74.205.121.229
2938,220.181.108.97
2939,190.50.96.152
2940,208.80.194.35
2941,190.160.117.70
2942,123.125.71.24
2943,123.125.71.33
2944,220.181.108.96
2945,91.86.150.144
2946,114.26.163.80
2947,187.140.5.243
2948,123.125.71.29
2949,220.181.108.80
2950,123.125.71.31
2951,220.181.108.84
2952,96.237.242.211
2953,79.114.230.112
2954,123.125.71.35
2955,69.136.235.77
2956,205.178.190.235
2957,205.178.190.234
2958,205.178.190.237
2959,90.211.77.72
2960,123.125.71.22
2961,72.27.74.180
2962,123.125.71.12
2963,220.181.108.77
2964,190.152.130.84
2965,190.228.123.6
2966,190.196.172.140
2967,190.203.47.127
2968,220.181.108.86
2969,123.125.71.23
2970,91.146.61.3
2971,123.125.71.18
2972,220.181.108.82
2973,85.70.23.139
2974,94.27.71.147
2975,220.181.108.76
2976,91.23.151.248
2977,207.46.12.111
2978,123.125.71.25
2979,220.181.108.92
2980,186.20.102.43
2981,209.85.228.83
2982,92.137.201.73
2983,209.85.228.81
2984,123.125.71.28
2985,220.181.108.78
2986,220.181.108.81
2987,161.139.195.224
2988,91.60.36.201
2989,72.14.194.17
2990,74.125.64.84
2991,186.57.152.106
2992,201.251.14.196
2993,86.140.122.59
2994,190.172.172.45
2995,123.125.71.17
2996,201.217.99.206
2997,66.249.65.145
2998,118.3.190.49
2999,186.105.215.82
3000,218.213.130.92
3001,74.125.156.82
3002,201.48.51.213
3003,66.249.71.23
3004,123.125.71.16
3005,88.191.64.28
3006,118.68.66.162
3007,207.46.12.236
3008,125.164.6.91
3009,123.125.71.36
3010,72.241.35.19
3011,132.230.190.53
3012,84.43.181.225
3013,65.52.110.64
3014,81.53.104.43
3015,109.182.130.51
3016,115.248.189.17
3017,178.78.103.27
3018,187.23.101.66
3019,66.249.65.171
3020,67.19.79.218
3021,207.46.193.36
3022,74.125.16.68
3023,193.55.4.221
3024,123.125.71.27
3025,201.62.121.15
3026,132.247.241.252
3027,218.213.130.181
3028,220.181.108.83
3029,89.120.214.247
3030,201.246.137.3
3031,90.216.236.18
3032,190.49.48.127
3033,190.16.159.91
3034,82.169.15.201
3035,38.99.97.64
3036,98.225.73.2
3037,84.174.76.93
3038,208.80.194.29
3039,67.142.174.22
3040,173.33.222.134
3041,205.209.170.26
3042,190.230.139.148
3043,74.125.75.19
3044,64.233.172.20
3045,74.125.158.81
3046,174.89.119.88
3047,220.181.108.94
3048,190.49.32.29
3049,190.195.14.222
3050,121.121.186.134
3051,190.40.79.36
3052,117.205.130.25
3053,190.172.5.182
3054,95.168.191.212
3055,77.164.222.101
3056,74.125.64.82
3057,189.71.66.11
3058,72.14.202.84
3059,72.14.202.87
3060,72.14.202.82
3061,72.14.202.83
3062,74.125.152.84
3063,50.16.93.20
3064,218.213.130.6
3065,65.52.110.51
3066,59.161.123.2
3067,190.49.46.235
3068,220.181.7.103
3069,190.97.52.108
3070,92.54.188.11
3071,24.20.22.69
3072,38.99.96.178
3073,187.10.169.184
3074,168.176.5.136
3075,2.146.136.218
3076,194.72.238.61
3077,94.73.27.121
3078,95.145.206.242
3079,186.10.155.8
3080,93.159.111.91
3081,200.35.39.231
3082,99.181.55.173
3083,138.75.200.5
3084,200.59.253.77
3085,186.2.44.66
3086,174.132.16.36
3087,83.20.169.14
3088,66.249.67.72
3089,88.103.54.103
3090,110.75.176.7
3091,65.52.110.69
3092,209.85.226.81
3093,89.121.138.72
3094,66.249.82.1
3095,66.249.85.65
3096,130.76.96.149
3097,74.125.152.83
3098,74.125.152.86
3099,74.125.152.81
3100,72.14.202.81
3101,220.249.99.187
3102,72.237.90.227
3103,91.140.111.114
3104,189.97.241.212
3105,132.230.191.154
3106,95.135.136.198
3107,123.125.71.94
3108,123.125.71.110
3109,213.60.230.232
3110,209.249.53.110
3111,74.201.117.226
3112,137.122.30.184
3113,207.46.194.140
3114,95.119.103.180
3115,80.162.231.63
3116,208.80.194.26
3117,66.181.244.222
3118,207.46.194.134
3119,123.125.71.102
3120,186.122.12.58
3121,115.70.127.1
3122,88.23.128.126
3123,188.65.178.159
3124,69.28.58.35
3125,208.80.194.33
3126,202.127.145.232
3127,219.204.60.168
3128,66.249.72.110
3129,118.3.214.5
3130,95.105.24.22
3131,81.233.208.72
3132,123.125.71.97
3133,222.165.130.214
3134,202.216.241.194
3135,201.19.143.85
3136,208.99.244.15
3137,117.198.87.166
3138,81.88.8.124
3139,213.61.192.83
3140,89.179.88.36
3141,91.45.168.244
3142,189.236.46.36
3143,86.8.137.67
3144,123.125.71.108
3145,190.82.29.8
3146,24.190.3.171
3147,74.125.154.84
3148,187.136.63.71
3149,83.163.102.85
3150,178.120.10.6
3151,96.48.155.59
3152,74.125.112.86
3153,74.125.112.85
3154,74.125.112.84
3155,74.125.114.82
3156,74.125.114.80
3157,74.125.114.81
3158,74.125.112.83
3159,74.125.112.81
3160,74.125.112.87
3161,74.125.112.80
3162,201.165.126.176
3163,98.196.57.213
3164,71.8.121.48
3165,189.101.74.142
3166,71.234.229.2
3167,69.255.117.151
3168,67.88.123.195
3169,68.35.184.115
3170,97.119.130.150
3171,173.18.36.238
3172,66.236.154.162
3173,66.214.82.211
3174,74.233.57.44
3175,98.250.131.249
3176,68.50.105.98
3177,24.236.217.191
3178,68.81.198.137
3179,76.124.60.49
3180,70.89.92.33
3181,67.190.159.184
3182,93.35.230.72
3183,71.14.99.47
3184,99.22.8.92
3185,66.30.168.63
3186,24.118.93.108
3187,24.112.158.242
3188,71.228.205.99
3189,69.248.84.249
3190,75.61.138.187
3191,186.84.91.201
3192,97.87.99.197
3193,71.225.172.137
3194,190.152.48.224
3195,24.98.254.92
3196,173.190.231.81
3197,76.126.32.77
3198,74.125.112.82
3199,209.203.93.196
3200,76.231.163.26
3201,65.52.109.59
3202,67.188.179.212
3203,68.58.219.6
3204,98.234.179.185
3205,123.8.142.51
3206,68.9.93.217
3207,173.12.50.33
3208,93.13.181.122
3209,24.34.191.64
3210,68.55.72.78
3211,76.99.48.91
3212,68.38.235.185
3213,98.207.131.25
3214,140.239.54.70
3215,68.5.190.201
3216,75.150.54.249
3217,67.170.13.185
3218,68.99.132.62
3219,157.100.229.27
3220,212.246.66.238
3221,98.163.227.30
3222,24.179.151.130
3223,66.190.129.183
3224,98.225.51.144
3225,98.200.101.184
3226,72.220.162.66
3227,68.44.182.107
3228,63.151.141.71
3229,67.176.58.119
3230,98.214.248.189
3231,64.244.130.34
3232,76.26.229.139
3233,150.70.64.194
3234,68.47.16.207
3235,68.199.178.139
3236,74.129.176.213
3237,98.229.146.5
3238,68.37.27.54
3239,99.172.158.249
3240,75.68.27.95
3241,67.183.42.228
3242,68.55.121.177
3243,71.231.113.168
3244,76.23.152.4
3245,68.6.190.149
3246,93.136.48.177
3247,76.124.184.240
3248,71.56.236.220
3249,24.205.129.206
3250,71.227.220.140
3251,70.176.245.68
3252,199.19.249.196
3253,157.55.16.230
3254,195.77.128.4
3255,188.25.239.58
3256,24.130.248.2
3257,173.80.81.2
3258,69.224.50.241
3259,219.76.144.54
3260,97.126.184.78
3261,99.23.190.87
3262,194.103.228.50
3263,121.52.154.72
3264,192.167.209.10
3265,112.198.79.5
3266,190.178.89.73
3267,71.193.216.156
3268,75.139.152.10
3269,76.106.52.82
3270,173.24.49.53
3271,80.153.157.44
3272,194.94.136.71
3273,65.52.110.67
3274,38.101.148.124
3275,110.75.174.7
3276,110.75.175.45
3277,190.230.30.63
3278,141.163.186.48
3279,200.124.14.101
3280,109.165.131.57
3281,168.216.16.50
3282,123.125.71.95
3283,123.125.71.100
3284,79.240.64.50
3285,200.132.210.78
3286,119.235.237.92
3287,85.240.54.184
3288,84.74.185.7
3289,110.75.176.50
3290,128.135.149.33
3291,206.176.219.6
3292,88.198.38.230
3293,190.189.85.66
3294,82.233.28.58
3295,76.22.186.206
3296,119.63.198.22
3297,66.249.71.26
3298,119.63.198.31
3299,190.177.64.31
3300,109.62.165.133
3301,190.24.53.121
3302,190.177.76.142
3303,222.124.3.179
3304,59.184.39.176
3305,109.120.144.247
3306,94.54.31.192
3307,123.125.71.34
3308,217.57.164.6
3309,188.54.123.114
3310,180.149.53.35
3311,85.148.36.36
3312,66.249.68.194
3313,65.52.110.65
3314,200.5.198.50
3315,186.9.49.219
3316,14.96.119.154
3317,150.70.172.106
3318,122.168.170.212
3319,189.46.57.131
3320,66.249.72.81
3321,190.177.81.67
3322,184.154.7.186
3323,123.125.71.98
3324,123.125.71.115
3325,200.54.149.190
3326,220.181.19.81
3327,119.63.198.14
3328,186.42.123.2
3329,95.78.75.205
3330,24.18.183.55
3331,208.80.194.36
3332,118.107.140.140
3333,65.52.110.53
3334,114.113.148.229
3335,114.113.148.223
3336,208.77.41.66
3337,65.52.109.60
3338,65.52.108.14
3339,218.41.185.10
3340,207.46.195.105
3341,207.46.194.137
3342,91.13.240.162
3343,92.0.135.109
3344,93.132.241.146
3345,79.234.110.115
3346,2.91.106.86
3347,79.221.229.56
3348,184.72.140.16
3349,110.75.174.19
3350,110.75.174.2
3351,110.75.171.102
3352,74.125.66.83
3353,119.63.196.101
3354,189.227.26.65
3355,65.52.109.61
3356,95.108.151.244
3357,190.178.69.77
3358,98.137.72.231
3359,98.137.72.233
3360,157.55.116.34
3361,158.194.93.34
3362,194.81.127.246
3363,117.199.139.40
3364,190.177.69.186
3365,83.69.244.141
3366,125.37.25.180
3367,65.52.108.13
3368,87.105.190.50
3369,190.176.228.219
3370,149.155.96.6
3371,218.38.12.29
3372,190.178.79.223
3373,84.108.116.253
3374,122.164.177.64
3375,88.191.108.76
3376,213.5.71.163
3377,190.42.199.201
3378,72.14.194.65
3379,98.137.72.254
3380,98.137.72.234
3381,207.46.12.240
3382,98.137.72.247
3383,84.86.159.244
3384,173.49.24.118
3385,98.137.72.229
3386,123.125.71.112
3387,98.137.72.216
3388,65.52.110.68
3389,98.137.72.227
3390,68.154.35.64
3391,201.251.7.253
3392,24.5.31.221
3393,119.63.196.124
3394,62.231.141.193
3395,157.55.16.231
3396,157.55.17.103
3397,65.52.110.55
3398,77.126.198.13
3399,196.215.92.17
3400,84.249.66.34
3401,190.177.74.248
3402,77.222.43.19
3403,145.236.161.158
3404,190.177.80.148
3405,184.72.189.16
3406,205.209.143.61
3407,81.178.210.32
3408,77.99.127.12
3409,91.178.59.141
3410,76.113.236.89
3411,74.50.100.8
3412,88.224.173.65
3413,77.125.99.123
3414,207.46.195.107
3415,78.86.241.29
3416,208.115.111.71
3417,67.195.112.153
3418,190.43.103.30
3419,136.142.132.139
3420,65.52.110.74
3421,119.63.196.15
3422,187.25.155.38
3423,69.58.178.58
3424,220.181.7.31
3425,79.212.77.19
3426,46.17.97.13
3427,89.236.59.246
3428,86.208.78.92
3429,190.177.71.196
3430,65.52.110.83
3431,205.178.190.236
3432,157.157.197.76
3433,123.100.117.179
3434,74.66.235.75
3435,212.113.37.106
3436,62.43.103.97
3437,65.52.110.29
3438,188.60.204.182
3439,71.255.121.124
3440,123.125.71.116
3441,94.14.165.112
3442,94.120.247.248
3443,76.110.220.143
3444,89.153.221.48
3445,188.138.84.8
3446,95.28.124.222
3447,80.5.27.51
3448,74.15.88.34
3449,110.75.173.7
3450,76.102.80.250
3451,65.52.110.80
3452,200.27.48.146
3453,119.63.196.117
3454,128.36.27.54
3455,70.64.162.212
3456,99.10.212.81
3457,119.27.62.254
3458,121.97.98.183
3459,84.237.118.156
3460,65.52.110.20
3461,207.210.234.226
3462,79.135.143.126
3463,220.181.7.29
3464,212.35.66.11
3465,92.158.22.20
3466,210.212.237.233
3467,77.22.26.119
3468,141.5.18.141
3469,186.210.101.192
3470,143.107.252.76
3471,65.52.110.56
3472,116.71.171.50
3473,129.242.192.230
3474,99.229.166.38
3475,222.222.194.187
3476,83.145.51.167
3477,200.75.86.45
3478,131.111.188.207
3479,84.121.19.109
3480,193.61.170.134
3481,89.178.234.169
3482,65.52.110.54
3483,146.155.109.113
3484,132.235.104.14
3485,187.32.150.148
3486,124.197.33.223
3487,190.173.225.51
3488,129.24.125.191
3489,97.112.108.116
3490,81.183.15.212
3491,193.47.80.143
3492,92.43.110.80
3493,65.52.110.66
3494,190.8.7.50
3495,69.37.38.84
3496,66.219.58.39
3497,119.63.196.14
3498,65.52.110.52
3499,65.52.110.17
3500,221.248.147.101
3501,157.55.50.75
3502,207.182.146.170
3503,81.106.104.58
3504,116.43.35.30
3505,74.125.152.82
3506,122.168.233.79
3507,188.115.144.7
3508,65.52.108.12
3509,65.52.110.23
3510,218.213.130.161
3511,69.28.58.42
3512,65.52.110.77
3513,157.55.50.77
3514,213.192.25.2
3515,157.55.50.76
3516,91.44.202.22
3517,123.125.71.117
3518,123.125.71.99
3519,123.125.71.107
3520,123.125.71.105
3521,123.125.71.111
3522,123.125.71.114
3523,123.125.71.96
3524,123.125.71.101
3525,74.125.46.88
3526,74.125.44.88
3527,186.98.233.155
3528,190.13.97.30
3529,157.55.50.11
3530,157.55.50.13
3531,38.99.96.243
3532,86.133.141.69
3533,71.39.50.240
3534,201.40.152.35
3535,190.177.75.149
3536,46.52.108.228
3537,86.51.35.38
3538,24.238.46.21
3539,207.46.194.85
3540,175.158.29.208
3541,90.23.111.72
3542,119.235.237.78
3543,190.177.92.250
3544,74.77.177.107
3545,141.161.133.153
3546,203.12.2.160
3547,153.107.97.156
3548,190.82.46.149
3549,207.46.12.202
3550,119.63.196.120
3551,74.125.152.87
3552,70.129.143.211
3553,109.230.246.100
3554,190.3.1.11
3555,200.7.224.121
3556,203.33.199.33
3557,41.226.216.58
3558,219.124.174.187
3559,62.171.194.19
3560,132.180.32.10
3561,134.36.37.58
3562,190.177.69.137
3563,201.251.112.236
3564,95.67.179.101
3565,208.131.181.126
3566,65.183.8.194
3567,200.16.241.26
3568,88.235.92.107
3569,168.169.246.34
3570,116.50.214.210
3571,136.177.20.92
3572,62.45.11.242
3573,163.247.40.50
3574,66.249.71.55
3575,62.45.11.146
3576,187.79.24.47
3577,189.104.117.220
3578,78.147.207.190
3579,62.24.181.134
3580,80.189.159.104
3581,168.169.218.173
3582,212.95.54.211
3583,148.226.28.30
3584,201.235.214.42
3585,189.21.214.194
3586,123.125.71.109
3587,64.66.124.116
3588,66.249.66.78
3589,96.49.15.30
3590,190.177.86.26
3591,94.227.2.120
3592,67.195.111.35
3593,66.249.71.116
3594,65.52.110.22
3595,119.63.196.123
3596,192.148.117.85
3597,192.148.117.79
3598,192.148.117.81
3599,69.171.163.203
3600,91.201.66.12
3601,186.40.148.112
3602,200.181.90.238
3603,184.59.4.174
3604,65.52.110.71
3605,81.213.77.140
3606,86.178.56.43
3607,94.172.11.8
3608,203.89.50.223
3609,86.28.166.79
3610,71.51.98.19
3611,83.241.11.192
3612,8.12.144.17
3613,8.12.144.58
3614,92.245.195.161
3615,62.49.17.229
3616,195.70.10.116
3617,50.35.241.217
3618,190.176.217.28
3619,77.53.109.109
3620,186.140.10.68
3621,150.70.64.198
3622,150.70.75.36
3623,186.108.204.46
3624,207.46.204.217
3625,41.208.132.16
3626,207.46.12.208
3627,119.63.196.109
3628,190.47.70.63
3629,68.202.50.146
3630,69.159.16.200
3631,65.52.110.81
3632,66.249.72.139
3633,77.21.146.83
3634,68.113.162.90
3635,131.111.8.35
3636,65.52.104.37
3637,65.52.104.42
3638,114.150.131.4
3639,65.52.110.31
3640,141.76.40.246
3641,198.106.189.76
3642,65.52.104.36
3643,65.52.110.79
3644,218.205.243.91
3645,218.201.204.243
3646,99.67.180.52
3647,59.90.6.151
3648,161.111.45.163
3649,14.139.62.34
3650,194.199.60.68
3651,125.46.34.27
3652,65.52.110.93
3653,65.52.110.39
3654,218.186.17.11
3655,201.55.38.2
3656,157.55.112.226
3657,190.216.7.247
3658,200.18.33.232
3659,184.82.196.209
3660,193.60.89.247
3661,206.107.148.145
3662,134.76.190.212
3663,81.158.88.129
3664,65.52.110.14
3665,72.175.255.226
3666,131.111.21.21
3667,217.109.39.27
3668,152.74.211.254
3669,204.111.168.35
3670,74.253.6.7
3671,213.229.80.22
3672,207.66.14.2
3673,147.210.209.41
3674,66.249.71.168
3675,217.125.225.175
3676,65.52.110.13
3677,186.2.9.62
3678,86.165.230.224
3679,192.197.114.41
3680,158.227.224.137
3681,74.125.46.85
3682,190.132.127.138
3683,65.52.110.88
3684,207.46.199.189
3685,200.41.130.92
3686,92.253.44.25
3687,85.222.182.147
3688,12.156.135.162
3689,78.105.26.223
3690,69.168.39.175
3691,119.63.196.108
3692,201.25.141.136
3693,69.28.58.33
3694,71.59.2.247
3695,190.103.74.86
3696,200.108.108.72
3697,202.75.4.145
3698,91.121.81.114
3699,190.179.106.195
3700,188.143.232.55
3701,124.168.114.16
3702,95.77.98.130
3703,68.180.85.159
3704,65.52.110.40
3705,69.115.241.123
3706,78.86.14.121
3707,74.125.152.80
3708,74.125.74.132
3709,78.42.123.61
3710,62.189.77.110
3711,178.139.208.13
3712,131.111.9.64
3713,83.22.4.102
3714,95.180.213.235
3715,90.198.78.169
3716,189.124.204.129
3717,86.154.248.237
3718,200.72.203.221
3719,59.178.33.250
3720,134.225.64.239
3721,190.10.68.227
3722,8.21.4.254
3723,159.83.252.233
3724,132.160.225.10
3725,138.37.230.161
3726,190.43.92.125
3727,189.15.237.39
3728,91.106.153.191
3729,119.63.196.28
3730,85.75.109.227
3731,207.46.12.239
3732,208.90.56.152
3733,190.49.2.181
3734,70.126.137.60
3735,209.11.177.202
3736,65.52.110.33
3737,87.177.153.69
3738,190.19.46.142
3739,140.127.27.245
3740,140.127.27.152
3741,140.127.27.5
3742,140.127.27.70
3743,140.127.27.71
3744,140.127.27.72
3745,140.127.27.69
3746,140.127.27.189
3747,186.69.181.59
3748,157.55.112.220
3749,67.195.111.43
3750,67.195.115.241
3751,80.210.80.41
3752,66.249.67.69
3753,213.173.185.94
3754,119.153.9.85
3755,212.59.55.66
3756,164.100.6.58
3757,131.165.209.116
3758,81.145.54.194
3759,197.128.158.71
3760,94.194.80.57
3761,74.54.205.122
3762,74.125.64.86
3763,74.125.46.86
3764,74.125.66.85
3765,74.125.44.89
3766,161.111.45.159
3767,119.224.37.197
3768,66.249.67.229
3769,201.214.10.248
3770,88.227.8.43
3771,58.83.227.150
3772,64.255.180.122
3773,169.237.77.34
3774,75.85.4.56
3775,201.214.253.35
3776,119.147.6.60
3777,75.74.92.185
3778,65.60.188.160
3779,65.52.110.24
3780,186.10.59.209
3781,200.59.206.162
3782,66.183.86.28
3783,61.143.210.230
3784,201.231.59.163
3785,190.232.39.150
3786,186.214.135.38
3787,189.216.4.27
3788,65.52.110.49
3789,65.52.110.41
3790,119.63.196.31
3791,200.12.202.94
3792,67.195.112.178
3793,200.116.139.222
3794,216.145.5.42
3795,186.205.184.187
3796,117.206.19.173
3797,117.20.154.45
3798,123.125.71.113
3799,92.85.172.215
3800,78.162.131.236
3801,79.116.178.80
3802,207.189.121.54
3803,222.124.156.242
3804,186.81.67.60
3805,74.55.208.66
3806,189.106.119.74
3807,82.124.194.221
3808,119.159.192.30
3809,65.52.110.85
3810,65.52.110.90
3811,79.234.92.211
3812,207.46.195.213
3813,70.70.220.118
3814,200.83.15.165
3815,201.231.156.224
3816,71.62.123.77
3817,188.127.226.86
3818,186.16.138.161
3819,220.253.173.110
3820,201.241.178.230
3821,121.72.16.21
3822,76.28.138.157
3823,108.7.72.138
3824,108.12.23.43
3825,129.15.117.212
3826,74.125.158.82
3827,74.125.44.82
3828,190.131.15.111
3829,88.190.13.201
3830,190.235.63.107
3831,184.167.25.75
3832,66.249.72.138
3833,72.47.139.182
3834,93.219.88.149
3835,65.52.110.32
3836,68.50.131.178
3837,217.218.233.58
3838,203.185.68.163
3839,62.8.115.122
3840,131.203.124.145
3841,65.52.110.78
3842,88.97.24.83
3843,76.185.65.115
3844,109.230.220.32
3845,200.2.119.115
3846,88.237.62.196
3847,180.147.92.207
3848,91.201.66.6
3849,74.125.66.81
3850,201.54.203.139
3851,88.247.168.128
3852,190.177.100.101
3853,87.78.38.33
3854,200.89.74.74
3855,64.233.182.80
3856,92.228.120.9
3857,201.215.3.67
3858,157.55.112.205
3859,66.249.71.148
3860,184.73.4.56
3861,190.232.119.48
3862,190.174.219.51
3863,189.5.94.209
3864,68.92.9.129
3865,110.75.173.49
3866,110.75.173.38
3867,189.104.113.1
3868,110.75.173.18
3869,190.31.60.135
3870,201.231.58.157
3871,66.249.66.101
3872,121.10.141.246
3873,60.240.255.146
3874,67.231.243.72
3875,99.9.29.242
3876,86.13.8.110
3877,96.251.20.188
3878,150.70.172.101
3879,208.107.163.129
3880,96.2.86.139
3881,50.19.55.52
3882,139.80.33.184
3883,93.186.31.237
3884,93.186.31.236
3885,50.72.18.53
3886,137.132.250.9
3887,150.70.75.29
3888,207.46.12.76
3889,186.107.164.100
3890,92.154.20.168
3891,200.27.245.235
3892,190.237.127.36
3893,85.55.9.102
3894,87.116.16.245
3895,222.109.32.172
3896,49.48.117.140
3897,182.237.8.226
3898,190.20.118.80
3899,123.125.71.103
3900,95.252.118.169
3901,114.73.67.120
3902,95.182.167.55
3903,173.93.189.190
3904,98.85.203.105
3905,82.39.171.76
3906,184.72.72.199
3907,186.10.236.160
3908,64.233.182.85
3909,97.96.185.48
3910,184.72.73.60
3911,188.143.233.163
3912,64.219.133.233
3913,81.30.230.193
3914,69.203.216.156
3915,174.129.179.134
3916,82.123.38.12
3917,65.52.110.18
3918,157.55.17.104
3919,79.140.3.232
3920,201.164.150.14
3921,110.75.171.85
3922,119.63.196.84
3923,110.75.173.32
3924,110.75.171.123
3925,190.234.199.155
3926,213.132.211.5
3927,121.223.144.17
3928,50.16.40.209
3929,66.249.68.75
3930,190.177.97.206
3931,119.18.133.25
3932,67.202.8.205
3933,124.115.2.231
3934,65.52.110.92
3935,65.52.110.91
3936,108.82.214.210
3937,92.13.75.118
3938,46.60.252.68
3939,65.52.110.50
3940,123.125.71.106
3941,123.125.71.104
3942,79.70.241.81
3943,85.178.67.9
3944,62.182.78.192
3945,66.180.175.96
3946,74.125.44.87
3947,190.179.99.101
3948,79.221.192.146
3949,146.110.162.150
3950,122.167.230.164
3951,137.149.78.115
3952,209.137.246.50
3953,134.36.37.111
3954,65.52.110.89
3955,177.26.191.176
3956,207.74.115.23
3957,217.44.244.197
3958,82.82.238.23
3959,86.143.201.219
3960,92.37.8.229
3961,216.73.252.211
3962,82.253.148.229
3963,66.249.68.78
3964,86.144.123.41
3965,74.125.44.90
3966,201.216.169.141
3967,66.249.66.165
3968,123.211.61.40
3969,203.23.253.1
3970,95.133.219.19
3971,69.147.115.58
3972,50.38.49.47
3973,62.76.193.20
3974,117.207.84.245
3975,157.128.244.98
3976,193.75.228.252
3977,116.68.68.54
3978,178.191.111.35
3979,190.234.5.5
3980,80.133.95.85
3981,85.187.233.83
3982,80.249.247.70
3983,193.140.219.240
3984,87.217.229.54
3985,83.244.229.91
3986,206.162.141.126
3987,86.16.5.141
3988,217.172.94.11
3989,190.177.66.186
3990,93.219.125.9
3991,189.97.87.1
3992,122.167.7.170
3993,132.248.34.173
3994,85.178.222.155
3995,109.67.204.52
3996,200.109.19.183
3997,86.157.135.235
3998,149.142.83.114
3999,137.82.4.41
4000,213.119.53.170
4001,222.124.108.245
4002,79.2.64.250
4003,178.252.136.250
4004,132.248.32.3
4005,132.248.181.26
4006,27.44.44.117
4007,84.93.175.146
4008,75.172.14.95
4009,201.220.232.61
4010,189.196.153.2
